experiment,library,precision,architecture,m,k,n,cores,threads,affinity,memory_policy,numa_nodes,avg_time_s,std_time_s,avg_gflops,std_gflops,repetitions
size,blis,double,EPYC,2000,2000,2000,64,64,close,default,,0.030758077699999997,0.002036794058098333,522.4618154,38.25044669353223,10
size,blis,double,EPYC,2000,2000,2000,64,64,spread,default,,0.028283376399999997,0.0016272225895583338,567.6156957999999,36.98331619346861,10
size,blis,double,EPYC,2500,2500,2500,64,64,close,default,,0.0414857909,0.0006388748788858699,753.4330897,11.772128660150615,10
size,blis,double,EPYC,2500,2500,2500,64,64,spread,default,,0.036702155,0.0005747171792214169,851.6335974,13.125548792233882,10
size,blis,double,EPYC,3000,3000,3000,64,64,close,default,,0.0614326056,0.0009017718276638863,879.1844239,13.050014018962276,10
size,blis,double,EPYC,3000,3000,3000,64,64,spread,default,,0.0546622716,0.0006307557963199018,988.0021546,11.349231126350274,10
size,blis,double,EPYC,3500,3500,3500,64,64,close,default,,0.0932553453,0.0014312980200116008,919.7134155,14.12438960020654,10
size,blis,double,EPYC,3500,3500,3500,64,64,spread,default,,0.0817850845,0.0008896040409629512,1048.5903246,11.302010639490994,10
size,blis,double,EPYC,4000,4000,4000,64,64,close,default,,0.13905245959999998,0.0014852960591207514,920.6102321000001,9.813576794572441,10
size,blis,double,EPYC,4000,4000,4000,64,64,spread,default,,0.1293169263,0.001275080440954744,989.9035406,9.832873124384653,10
size,blis,double,EPYC,4500,4500,4500,64,64,close,default,,0.2291245955,0.002788634074422553,795.5246591,9.66918418073879,10
size,blis,double,EPYC,4500,4500,4500,64,64,spread,default,,0.2199471468,0.0015827357596629066,828.6470182,6.000724290967529,10
size,blis,double,EPYC,5000,5000,5000,64,64,close,default,,0.3410020238,0.0031695880395894637,733.1906364,6.832930147713964,10
size,blis,double,EPYC,5000,5000,5000,64,64,spread,default,,0.33316469569999996,0.0040456363404303575,750.4791607999999,9.107824340955716,10
size,blis,double,EPYC,5500,5500,5500,64,64,close,default,,0.46834228939999994,0.0057928512645879894,710.5819173,8.739207970560742,10
size,blis,double,EPYC,5500,5500,5500,64,64,spread,default,,0.45741764720000005,0.0018125819450457872,727.4636357,2.883985478442755,10
size,blis,double,EPYC,6000,6000,6000,64,64,close,default,,0.6033508752,0.001971689135167539,716.0081606,2.33888266524345,10
size,blis,double,EPYC,6000,6000,6000,64,64,spread,default,,0.5992159071,0.006122539283587814,721.0096746,7.344909715357302,10
size,blis,double,EPYC,6500,6500,6500,64,64,close,default,,0.7333749522999999,0.0035708185398308223,748.9507649,3.650437390466856,10
size,blis,double,EPYC,6500,6500,6500,64,64,spread,default,,0.7293294814,0.005427210502743361,753.1266828,5.628684602222441,10
size,blis,double,EPYC,7000,7000,7000,64,64,close,default,,0.9081838762000001,0.008902794835731424,755.4185110999999,7.352886334101384,10
size,blis,double,EPYC,7000,7000,7000,64,64,spread,default,,0.8940534934000001,0.004499629163327408,767.3094004000001,3.864573605032062,10
size,blis,double,EPYC,7500,7500,7500,64,64,close,default,,1.0882800394,0.0074900942103806704,775.3390618999999,5.344186970490454,10
size,blis,double,EPYC,7500,7500,7500,64,64,spread,default,,1.0794095527,0.006011647858272904,781.6991016,4.3393110125394845,10
size,blis,double,EPYC,8000,8000,8000,64,64,close,default,,1.3161612602,0.015556863476677427,778.1177583,9.174992859700254,10
size,blis,double,EPYC,8000,8000,8000,64,64,spread,default,,1.3040065279,0.005086806690045551,785.2829096,3.0668582015135537,10
size,blis,double,EPYC,8500,8500,8500,64,64,close,default,,1.5531688924,0.00469638002802684,790.8090985,2.387513205534461,10
size,blis,double,EPYC,8500,8500,8500,64,64,spread,default,,1.5415683513,0.006711181151609488,796.7671028,3.4683783427647508,10
size,blis,double,EPYC,9000,9000,9000,64,64,close,default,,1.8056727766000003,0.006492319475501073,807.4646885,2.9104670837762354,10
size,blis,double,EPYC,9000,9000,9000,64,64,spread,default,,1.7917508149999999,0.007636576444021076,813.7425328,3.4696016734872104,10
size,blis,double,EPYC,9500,9500,9500,64,64,close,default,,2.0699838667000003,0.04576930448684697,828.7529907,18.336822927654286,10
size,blis,double,EPYC,9500,9500,9500,64,64,spread,default,,2.1126478247000002,0.011853563175090016,811.6822500000001,4.568809207783126,10
size,blis,double,EPYC,10000,10000,10000,64,64,close,default,,2.39872494,0.004769834402062668,833.7792637,1.6572586072877566,10
size,blis,double,EPYC,10000,10000,10000,64,64,spread,default,,2.3954204404,0.010650330395973054,834.941376,3.718098584164199,10
size,blis,double,EPYC,10500,10500,10500,64,64,close,default,,2.5809101234,0.10030130377928115,898.2704573999999,34.400161986663875,10
size,blis,double,EPYC,10500,10500,10500,64,64,spread,default,,2.7012440639,0.008110999148470572,857.1120131,2.5668397751002376,10
size,blis,double,EPYC,11000,11000,11000,64,64,close,default,,3.6177533805000004,0.07465331208084759,736.095894,15.083469989713384,10
size,blis,double,EPYC,11000,11000,11000,64,64,spread,default,,3.5870344513,0.06840354988983394,742.3568473,13.963513776698774,10
size,blis,double,EPYC,11500,11500,11500,64,64,close,default,,3.3728891592000005,0.010341475926250331,901.8309294999999,2.768319122445051,10
size,blis,double,EPYC,11500,11500,11500,64,64,spread,default,,3.3526285195,0.042680710231423134,907.4091978,11.870713453796872,10
size,blis,double,EPYC,12000,12000,12000,64,64,close,default,,3.5842210082,0.2058856424396174,967.1616406999999,56.783565901677974,10
size,blis,double,EPYC,12000,12000,12000,64,64,spread,default,,3.3290753502999997,0.021215616911659685,1038.1639877,6.606435225626452,10
size,blis,double,EPYC,12500,12500,12500,64,64,close,default,,3.7144042074,0.15076389867511364,1053.0723253,38.96733831516053,10
size,blis,double,EPYC,12500,12500,12500,64,64,spread,default,,4.1226831557,0.018901075338686166,947.5198112,4.3481367829277975,10
size,blis,double,EPYC,13000,13000,13000,64,64,close,default,,4.5394521146999995,0.019237240001808018,967.9738362,4.09379464293021,10
size,blis,double,EPYC,13000,13000,13000,64,64,spread,default,,4.5289683046,0.014591930078058608,970.2079565,3.1283748272517182,10
size,blis,double,EPYC,13500,13500,13500,64,64,close,default,,4.9722575592,0.015695646220096348,989.6498906999999,3.125403198408779,10
size,blis,double,EPYC,13500,13500,13500,64,64,spread,default,,4.9622247849,0.017149191002123365,991.6525369999999,3.420806035349918,10
size,blis,double,EPYC,14000,14000,14000,64,64,close,default,,5.4299995068,0.016416131871974396,1010.6898123999999,3.0582260472389384,10
size,blis,double,EPYC,14000,14000,14000,64,64,spread,default,,5.425774158299999,0.014989209891042944,1011.4755276,2.8004481637233067,10
size,blis,double,EPYC,14500,14500,14500,64,64,close,default,,5.9370120321,0.023668532472723287,1027.0043600000001,4.095599280358599,10
size,blis,double,EPYC,14500,14500,14500,64,64,spread,default,,5.9384698726,0.024716072140152874,1026.7535448,4.2704815913576715,10
size,blis,double,EPYC,15000,15000,15000,64,64,close,default,,6.459019486600001,0.034520850963023916,1045.0773179,5.625087237524195,10
size,blis,double,EPYC,15000,15000,15000,64,64,spread,default,,6.4465137164,0.01915069542494402,1047.0858939,3.108489866188445,10
size,blis,double,EPYC,15500,15500,15500,64,64,close,default,,6.9893898747,0.01696214167208101,1065.585063,2.584210661808854,10
size,blis,double,EPYC,15500,15500,15500,64,64,spread,default,,6.994135312100001,0.04079997147270194,1064.8887141999999,6.148266228408872,10
size,blis,double,EPYC,16000,16000,16000,64,64,close,default,,7.5321674769,0.018349338221421842,1087.6077577,2.651104540841137,10
size,blis,double,EPYC,16000,16000,16000,64,64,spread,default,,7.540606500200001,0.017666651043081637,1086.3901303,2.5458443351440434,10
size,blis,double,EPYC,16500,16500,16500,64,64,close,default,,8.0900893325,0.26640643839015987,1111.7069059,39.866981150014844,10
size,blis,double,EPYC,16500,16500,16500,64,64,spread,default,,8.1447922697,0.04889311022029842,1103.1025138999998,6.609289640411865,10
size,blis,double,EPYC,17000,17000,17000,64,64,close,default,,9.0114821832,0.5643643262116377,1093.9324306,62.90884849751366,10
size,blis,double,EPYC,17000,17000,17000,64,64,spread,default,,8.7423308649,0.03634964944841088,1123.9740129,4.667836493856507,10
size,blis,double,EPYC,17500,17500,17500,64,64,close,default,,10.4858206508,0.03774178791276573,1022.2256482999999,3.67448224169322,10
size,blis,double,EPYC,17500,17500,17500,64,64,spread,default,,10.5193789072,0.04452024695491322,1018.9691618999999,4.310463585761568,10
size,blis,double,EPYC,18000,18000,18000,64,64,close,default,,11.0769937752,0.048478005151630504,1053.0114503,4.613276582534808,10
size,blis,double,EPYC,18000,18000,18000,64,64,spread,default,,11.1096342645,0.04220680050994858,1049.9131843,3.988013979046697,10
size,blis,double,EPYC,18500,18500,18500,64,64,close,default,,13.7949305114,0.05384305364373582,917.9765869999999,3.574796205408784,10
size,blis,double,EPYC,18500,18500,18500,64,64,spread,default,,13.57845094,0.6311464590769946,934.6527786999999,49.100350079970376,10
size,blis,double,EPYC,19000,19000,19000,64,64,close,default,,14.855364669,0.06713910518866867,923.4544147,4.171896894286266,10
size,blis,double,EPYC,19000,19000,19000,64,64,spread,default,,14.8594871818,0.06696127387491724,923.1980805999999,4.149165950474757,10
size,blis,double,EPYC,19500,19500,19500,64,64,close,default,,15.851123885000002,0.1620926872922758,935.6538048,9.695850908206998,10
size,blis,double,EPYC,19500,19500,19500,64,64,spread,default,,15.8210950699,0.08604320841938318,937.3653237999999,5.112508726184925,10
size,blis,double,EPYC,20000,20000,20000,64,64,close,default,,17.1016774123,0.22579437451623346,935.7293965000001,12.510986695055793,10
size,blis,double,EPYC,20000,20000,20000,64,64,spread,default,,17.0651506256,0.3014512467637489,937.8512903000001,16.859028854699275,10
size,blis,double,THIN,2000,2000,2000,12,12,close,default,,0.046690713,0.0007124010563151129,342.753043,5.278535882029376,10
size,blis,double,THIN,2000,2000,2000,12,12,spread,default,,0.0464572496,0.000951975878194773,344.5329119,7.063751356380356,10
size,blis,double,THIN,2500,2500,2500,12,12,close,default,,0.07685390410000001,0.0007259221011667286,406.6483509,3.847132016319069,10
size,blis,double,THIN,2500,2500,2500,12,12,spread,default,,0.0768290383,0.0006691368669210374,406.7749414,3.5329723668822317,10
size,blis,double,THIN,3000,3000,3000,12,12,close,default,,0.113054527,0.000781377315963152,477.6661448,3.2991566369174716,10
size,blis,double,THIN,3000,3000,3000,12,12,spread,default,,0.1127027505,0.0006176033071011455,479.14935649999995,2.6093752754322384,10
size,blis,double,THIN,3500,3500,3500,12,12,close,default,,0.1571495281,0.00031939811391025995,545.6606822,1.1087352354468007,10
size,blis,double,THIN,3500,3500,3500,12,12,spread,default,,0.1567641561,0.0003701160538805443,547.0027868,1.2916328646738926,10
size,blis,double,THIN,4000,4000,4000,12,12,close,default,,0.2161322221,0.00026935186327117734,592.2308931,0.7381710236321382,10
size,blis,double,THIN,4000,4000,4000,12,12,spread,default,,0.2158506124,0.0006376419567127646,593.0073785000001,1.7526780556249686,10
size,blis,double,THIN,4500,4500,4500,12,12,close,default,,0.29099504249999997,0.00047392823999378866,626.3008258,1.020798807059412,10
size,blis,double,THIN,4500,4500,4500,12,12,spread,default,,0.2909686608,0.0005198712941428248,626.3579144,1.1189186580352384,10
size,blis,double,THIN,5000,5000,5000,12,12,close,default,,0.3866930822,0.0005744827020486011,646.5088413000001,0.9604245650385903,10
size,blis,double,THIN,5000,5000,5000,12,12,spread,default,,0.386614446,0.0010251947417231112,646.6431365999999,1.7103146113027121,10
size,blis,double,THIN,5500,5500,5500,12,12,close,default,,0.49427316460000004,0.0012389823323668292,673.2145368,1.6855852848444453,10
size,blis,double,THIN,5500,5500,5500,12,12,spread,default,,0.49356719849999997,0.0008854794682758278,674.175604,1.2098557497194906,10
size,blis,double,THIN,6000,6000,6000,12,12,close,default,,0.626658425,0.0011832123980635547,689.3729806,1.3018711262755656,10
size,blis,double,THIN,6000,6000,6000,12,12,spread,default,,0.6268280412,0.0015406859847029194,689.1879605,1.6870167996625434,10
size,blis,double,THIN,6500,6500,6500,12,12,close,default,,0.7798976578000001,0.0016739404501257109,704.2619863,1.5091374863389049,10
size,blis,double,THIN,6500,6500,6500,12,12,spread,default,,0.7783417621,0.0009905994300495884,705.6679047,0.8977316627036217,10
size,blis,double,THIN,7000,7000,7000,12,12,close,default,,0.9559185469999999,0.0018639789370674708,717.636819,1.3980003106842884,10
size,blis,double,THIN,7000,7000,7000,12,12,spread,default,,0.9561837619,0.0025313114327576484,717.4398375,1.897436887470653,10
size,blis,double,THIN,7500,7500,7500,12,12,close,default,,1.184276728,0.0026187727427413234,712.4633055,1.5751640417120787,10
size,blis,double,THIN,7500,7500,7500,12,12,spread,default,,1.183775405,0.001848736014565897,712.7634599,1.113880498203404,10
size,blis,double,THIN,8000,8000,8000,12,12,close,default,,1.4297917047,0.0021159899876771336,716.1896485999999,1.0598257440329188,10
size,blis,double,THIN,8000,8000,8000,12,12,spread,default,,1.4302700246,0.002978539278002929,715.9515188,1.4908601651034223,10
size,blis,double,THIN,8500,8500,8500,12,12,close,default,,1.6981596790000002,0.003719905778810568,723.2861034,1.5822138210310914,10
size,blis,double,THIN,8500,8500,8500,12,12,spread,default,,1.7008235994,0.003490188696442659,722.1528787999999,1.4831818156033856,10
size,blis,double,THIN,9000,9000,9000,12,12,close,default,,2.0170454682,0.022370159101103203,722.9191032,7.98193366609773,10
size,blis,double,THIN,9000,9000,9000,12,12,spread,default,,2.0196423119999998,0.028532328970984278,722.0389259000001,10.139309751785047,10
size,blis,double,THIN,9500,9500,9500,12,12,close,default,,2.3450711305,0.01285392260344375,731.234066,3.967548262574856,10
size,blis,double,THIN,9500,9500,9500,12,12,spread,default,,2.363934522,0.023194616966713766,725.4423885,7.10458682094902,10
size,blis,double,THIN,10000,10000,10000,12,12,close,default,,2.7483528702999998,0.003444678669439913,727.7096212,0.9115126336310859,10
size,blis,double,THIN,10000,10000,10000,12,12,spread,default,,2.7693995739000004,0.02238973033374387,722.2204414,5.805447392990207,10
size,blis,double,THIN,10500,10500,10500,12,12,close,default,,3.2008445367,0.00635187225757294,723.3272913,1.43589600821154,10
size,blis,double,THIN,10500,10500,10500,12,12,spread,default,,3.2106340048999997,0.009307362222080747,721.1247029,2.088333052763043,10
size,blis,double,THIN,11000,11000,11000,12,12,close,default,,3.6491751434,0.013088088063464811,729.4883575,2.613195222059735,10
size,blis,double,THIN,11000,11000,11000,12,12,spread,default,,3.6632869225,0.016255914756095925,726.6826549,3.2170820917798766,10
size,blis,double,THIN,11500,11500,11500,12,12,close,default,,4.208804531699999,0.014309670750586876,722.7186452,2.4465964555825446,10
size,blis,double,THIN,11500,11500,11500,12,12,spread,default,,4.20792689,0.010150167398614554,722.8656674,1.7383143207209781,10
size,blis,double,THIN,12000,12000,12000,12,12,close,default,,4.7586722819,0.009414184509992287,726.2555574,1.4387979269655269,10
size,blis,double,THIN,12000,12000,12000,12,12,spread,default,,4.7666555709,0.019087457535194502,725.0470422000001,2.882784878293878,10
size,blis,double,THIN,12500,12500,12500,12,12,close,default,,5.326973086400001,0.06339547907374958,733.3892595,8.673169975024283,10
size,blis,double,THIN,12500,12500,12500,12,12,spread,default,,5.3099419631,0.07545217569633966,735.7804396,10.329381431532845,10
size,blis,double,THIN,13000,13000,13000,12,12,close,default,,5.9256676294,0.01430209107798672,741.5237033999999,1.7872400218586098,10
size,blis,double,THIN,13000,13000,13000,12,12,spread,default,,5.9447147572,0.050257331801232916,739.1910891,6.194360159586935,10
size,blis,double,THIN,13500,13500,13500,12,12,close,default,,6.6235217166,0.041786812947508946,742.9468112000001,4.63575500365687,10
size,blis,double,THIN,13500,13500,13500,12,12,spread,default,,6.662843992899999,0.028833623835974032,738.5483992,3.1894843035835185,10
size,blis,double,THIN,14000,14000,14000,12,12,close,default,,7.349283428200001,0.0443328884562832,746.7637990999999,4.481643219457865,10
size,blis,double,THIN,14000,14000,14000,12,12,spread,default,,7.3518974241,0.03569748628175626,746.489815,3.627693398319881,10
size,blis,double,THIN,14500,14500,14500,12,12,close,default,,8.177050077,0.025007079423533324,745.6602577,2.277893558621347,10
size,blis,double,THIN,14500,14500,14500,12,12,spread,default,,8.176233397299999,0.023163961254599463,745.7338466,2.109719331055563,10
size,blis,double,THIN,15000,15000,15000,12,12,close,default,,9.0954574206,0.06070501263948209,742.1583585000001,4.937377441502058,10
size,blis,double,THIN,15000,15000,15000,12,12,spread,default,,9.0472672198,0.026747525985661862,746.0875283,2.2114798044235267,10
size,blis,double,THIN,15500,15500,15500,12,12,close,default,,10.0874338839,0.042123385254757804,738.3312272000001,3.097797354625083,10
size,blis,double,THIN,15500,15500,15500,12,12,spread,default,,10.0190296881,0.05451688241140859,743.3801055,4.022213908173338,10
size,blis,double,THIN,16000,16000,16000,12,12,close,default,,11.0438431309,0.0652862553494348,741.7939308,4.353661701837326,10
size,blis,double,THIN,16000,16000,16000,12,12,spread,default,,11.077293037299999,0.07649048794290271,739.5625537,5.100596273525705,10
size,blis,double,THIN,16500,16500,16500,12,12,close,default,,12.0689185011,0.06142943955898735,744.4295291000001,3.786089446615498,10
size,blis,double,THIN,16500,16500,16500,12,12,spread,default,,12.0582949066,0.07583815929424062,745.0944733,4.672135123910952,10
size,blis,double,THIN,17000,17000,17000,12,12,close,default,,13.209117938,0.08142515038282935,743.9055003000001,4.5780715916519314,10
size,blis,double,THIN,17000,17000,17000,12,12,spread,default,,13.241828765700001,0.05303056894413347,742.0532446,2.97523746977325,10
size,blis,double,THIN,17500,17500,17500,12,12,close,default,,14.3994183413,0.08029598690035575,744.4085336,4.149843916224372,10
size,blis,double,THIN,17500,17500,17500,12,12,spread,default,,14.4185647563,0.06831248738862312,743.4141955,3.508726059569711,10
size,blis,double,THIN,18000,18000,18000,12,12,close,default,,15.714065295200001,0.04874585975785523,742.2713909,2.3044662765217576,10
size,blis,double,THIN,18000,18000,18000,12,12,spread,default,,15.773477528099999,0.053670997394473334,739.4768386,2.511100774551196,10
size,blis,double,THIN,18500,18500,18500,12,12,close,default,,17.106853289700002,0.1105254441727259,740.2717822,4.732783138219303,10
size,blis,double,THIN,18500,18500,18500,12,12,spread,default,,17.1149030053,0.020219498989559173,739.8970298,0.8735683682630464,10
size,blis,double,THIN,19000,19000,19000,12,12,close,default,,18.4958556173,0.12115580085953333,741.7081793,4.836969703563281,10
size,blis,double,THIN,19000,19000,19000,12,12,spread,default,,18.4796305021,0.0745197801360434,742.3416992,2.986687178672425,10
size,blis,double,THIN,19500,19500,19500,12,12,close,default,,20.1053411256,0.05894716328180054,737.6082220000001,2.1661110973824997,10
size,blis,double,THIN,19500,19500,19500,12,12,spread,default,,20.1097647243,0.06413854351157826,737.4470091000001,2.3534007189232824,10
size,blis,double,THIN,20000,20000,20000,12,12,close,default,,21.556875031300002,0.10233135998020608,742.2376214,3.5141713169278144,10
size,blis,double,THIN,20000,20000,20000,12,12,spread,default,,21.6460219223,0.07827277448281991,739.1745338,2.6711267693063165,10
size,blis,float,EPYC,2000,2000,2000,64,64,close,default,,0.0206113053,0.0002951941316128735,776.4176911000001,11.225888923018275,10
size,blis,float,EPYC,2000,2000,2000,64,64,spread,default,,0.0209146643,0.0006231657675439805,765.6437525,23.5133161614998,10
size,blis,float,EPYC,2500,2500,2500,64,64,close,default,,0.0265853746,0.0003393617164034075,1175.6282664,14.793340671764343,10
size,blis,float,EPYC,2500,2500,2500,64,64,spread,default,,0.027215752599999997,0.0004281505201943708,1148.4896573,18.19499488376489,10
size,blis,float,EPYC,3000,3000,3000,64,64,close,default,,0.0355872434,0.000633923093030692,1517.8310556000001,27.03581754010324,10
size,blis,float,EPYC,3000,3000,3000,64,64,spread,default,,0.0365038388,0.0005966107197028894,1479.6594499,24.682216614824203,10
size,blis,float,EPYC,3500,3500,3500,64,64,close,default,,0.048821874599999995,0.0006906740276326222,1756.6988489,24.665603883592844,10
size,blis,float,EPYC,3500,3500,3500,64,64,spread,default,,0.0500212538,0.000763487085627342,1714.6286165000001,26.014083788198516,10
size,blis,float,EPYC,4000,4000,4000,64,64,close,default,,0.0657294842,0.0012005226127141282,1947.9624439,35.69903934722236,10
size,blis,float,EPYC,4000,4000,4000,64,64,spread,default,,0.0672883282,0.0010724232654100926,1902.7016271,30.6841006746176,10
size,blis,float,EPYC,4500,4500,4500,64,64,close,default,,0.0837958813,0.001122556014395425,2175.2774371,28.993213330461014,10
size,blis,float,EPYC,4500,4500,4500,64,64,spread,default,,0.0854787599,0.00104336553170917,2132.3968977,26.243565120383238,10
size,blis,float,EPYC,5000,5000,5000,64,64,close,default,,0.10880028459999999,0.0012273758593190408,2298.0516921000003,25.962370076822697,10
size,blis,float,EPYC,5000,5000,5000,64,64,spread,default,,0.111235528,0.005673004569016118,2252.2027549000004,102.87284770463954,10
size,blis,float,EPYC,5500,5500,5500,64,64,close,default,,0.1390890348,0.001557272500307848,2392.6239967,26.94468831969698,10
size,blis,float,EPYC,5500,5500,5500,64,64,spread,default,,0.1402977078,0.0021530423667683704,2372.2433649,36.28500513442993,10
size,blis,float,EPYC,6000,6000,6000,64,64,close,default,,0.2055580676,0.002809718301541403,2101.9455429,28.421883397915646,10
size,blis,float,EPYC,6000,6000,6000,64,64,spread,default,,0.20874298480000003,0.0018981058941311192,2069.6838122,18.719569841416806,10
size,blis,float,EPYC,6500,6500,6500,64,64,close,default,,0.3079864809,0.00249190501440343,1783.4621156,14.367230527291852,10
size,blis,float,EPYC,6500,6500,6500,64,64,spread,default,,0.3109195819,0.004169795678449556,1766.8162103,23.388269214699733,10
size,blis,float,EPYC,7000,7000,7000,64,64,close,default,,0.45224482200000005,0.0032145847661745365,1516.9460539,10.714654615521612,10
size,blis,float,EPYC,7000,7000,7000,64,64,spread,default,,0.45163028050000004,0.004794179710091845,1519.0968765,16.259004804663775,10
size,blis,float,EPYC,7500,7500,7500,64,64,close,default,,0.5779158717999999,0.0063047705221826456,1460.1414527000002,15.671799865089785,10
size,blis,float,EPYC,7500,7500,7500,64,64,spread,default,,0.581958889,0.006454354969274847,1450.0051586,16.078591485616137,10
size,blis,float,EPYC,8000,8000,8000,64,64,close,default,,0.7248902409,0.0062435594400641805,1412.7221852,12.195383738708383,10
size,blis,float,EPYC,8000,8000,8000,64,64,spread,default,,0.7287277608,0.006315732556125649,1405.2834929,12.1557460974052,10
size,blis,float,EPYC,8500,8500,8500,64,64,close,default,,0.8558972304999999,0.006250195188138465,1435.1135706,10.618776096768219,10
size,blis,float,EPYC,8500,8500,8500,64,64,spread,default,,0.8648575381000001,0.0067815772131478765,1420.2546647,11.134280252477879,10
size,blis,float,EPYC,9000,9000,9000,64,64,close,default,,1.0194364279,0.009065033147804597,1430.3031478999999,12.641318836255383,10
size,blis,float,EPYC,9000,9000,9000,64,64,spread,default,,1.0229240748000001,0.006803433996321239,1425.3822581,9.444390600006123,10
size,blis,float,EPYC,9500,9500,9500,64,64,close,default,,1.1683487511,0.005429918968040964,1467.6981064,6.803877922483272,10
size,blis,float,EPYC,9500,9500,9500,64,64,spread,default,,1.1695793852,0.0059765405204601635,1466.1598759,7.5047176698773574,10
size,blis,float,EPYC,10000,10000,10000,64,64,close,default,,1.3490128808,0.008753534106606689,1482.6217049,9.618810074726747,10
size,blis,float,EPYC,10000,10000,10000,64,64,spread,default,,1.35340047,0.009551326213296345,1477.8258294,10.490024623969132,10
size,blis,float,EPYC,10500,10500,10500,64,64,close,default,,1.5127015099999999,0.018487717156389423,1530.7466829999998,18.80093348107284,10
size,blis,float,EPYC,10500,10500,10500,64,64,spread,default,,1.5031681118,0.019047485670148755,1540.4675531,19.350535560511023,10
size,blis,float,EPYC,11000,11000,11000,64,64,close,default,,1.6713246359,0.012120499393062291,1592.8241927,11.579824073368554,10
size,blis,float,EPYC,11000,11000,11000,64,64,spread,default,,1.6780013881999998,0.00934916698008738,1586.4554930999998,8.85649989160263,10
size,blis,float,EPYC,11500,11500,11500,64,64,close,default,,1.8502641008,0.022935704766092246,1644.1835704,20.533460397823283,10
size,blis,float,EPYC,11500,11500,11500,64,64,spread,default,,1.845325034,0.033465990299076084,1648.8410271,29.803752216777234,10
size,blis,float,EPYC,12000,12000,12000,64,64,close,default,,2.1404736746,0.011502234007353663,1614.6378841,8.682873991726408,10
size,blis,float,EPYC,12000,12000,12000,64,64,spread,default,,2.1440141426,0.013377155176238628,1611.9863828,10.100408903158478,10
size,blis,float,EPYC,12500,12500,12500,64,64,close,default,,2.2271249277,0.013916833620978557,1754.0046199,10.971154038576936,10
size,blis,float,EPYC,12500,12500,12500,64,64,spread,default,,2.2604862232,0.062127444437827785,1729.2059121999998,46.43343897483312,10
size,blis,float,EPYC,13000,13000,13000,64,64,close,default,,2.5378902738,0.07741616122544344,1732.8159088,53.060051730300366,10
size,blis,float,EPYC,13000,13000,13000,64,64,spread,default,,2.6130042864,0.007025555050184978,1681.6002397,4.528629724078431,10
size,blis,float,EPYC,13500,13500,13500,64,64,close,default,,2.7454406363,0.08914272827731647,1794.1062115,60.612002155765616,10
size,blis,float,EPYC,13500,13500,13500,64,64,spread,default,,2.7607135661,0.09086498822588612,1784.2474450000002,61.70888380691797,10
size,blis,float,EPYC,14000,14000,14000,64,64,close,default,,3.0975095049,0.01998266436549135,1771.8124254999998,11.445071106619292,10
size,blis,float,EPYC,14000,14000,14000,64,64,spread,default,,3.1090255733,0.017912668178439985,1765.2359636,10.157683082337476,10
size,blis,float,EPYC,14500,14500,14500,64,64,close,default,,3.3682741794999997,0.010186663481154748,1810.2149105,5.469396435804636,10
size,blis,float,EPYC,14500,14500,14500,64,64,spread,default,,3.3749185005999998,0.008682394648970639,1806.6469897,4.65174875435048,10
size,blis,float,EPYC,15000,15000,15000,64,64,close,default,,3.2347733750000005,0.15501987670655132,2090.5610159,89.54054875583822,10
size,blis,float,EPYC,15000,15000,15000,64,64,spread,default,,3.5015314631,0.2417599327951207,1936.2715578,137.49958724420347,10
size,blis,float,EPYC,15500,15500,15500,64,64,close,default,,3.9487078906,0.01624439487589929,1886.1520151,7.752812138787741,10
size,blis,float,EPYC,15500,15500,15500,64,64,spread,default,,3.9571515965,0.01134021240202766,1882.1126526,5.397561554078872,10
size,blis,float,EPYC,16000,16000,16000,64,64,close,default,,3.7790215308999997,0.18857875124799495,2172.0959574,96.6327567169305,10
size,blis,float,EPYC,16000,16000,16000,64,64,spread,default,,3.7873813326,0.1823171764358138,2167.0158266,93.35578519293018,10
size,blis,float,EPYC,16500,16500,16500,64,64,close,default,,4.5707883214,0.015974345688551547,1965.6016415999998,6.888049015663444,10
size,blis,float,EPYC,16500,16500,16500,64,64,spread,default,,4.583258894,0.021655317328604446,1960.2714449,9.314413283456046,10
size,blis,float,EPYC,17000,17000,17000,64,64,close,default,,4.2578934141,0.03139313658846782,2307.8274419,17.105033895388125,10
size,blis,float,EPYC,17000,17000,17000,64,64,spread,default,,4.317471117999999,0.176537535150004,2278.9897831000003,84.80967685073094,10
size,blis,float,EPYC,17500,17500,17500,64,64,close,default,,5.2609245637,0.009941115176313076,2037.4336037,3.85518791360557,10
size,blis,float,EPYC,17500,17500,17500,64,64,spread,default,,5.2779147563999995,0.014991892152987981,2030.8830924000001,5.769222264696045,10
size,blis,float,EPYC,18000,18000,18000,64,64,close,default,,5.5913459003,0.061049797563023755,2086.3065671,22.963756348066532,10
size,blis,float,EPYC,18000,18000,18000,64,64,spread,default,,5.212746185,0.3468683768341189,2246.5950642,150.44049255688873,10
size,blis,float,EPYC,18500,18500,18500,64,64,close,default,,5.973708462399999,0.03159860282542123,2119.8843428,11.288984319464298,10
size,blis,float,EPYC,18500,18500,18500,64,64,spread,default,,5.8389496904,0.3343905422085059,2175.7455426,135.63361569169265,10
size,blis,float,EPYC,19000,19000,19000,64,64,close,default,,6.413741464199999,0.025489373324315168,2138.8755781,8.499510532489943,10
size,blis,float,EPYC,19000,19000,19000,64,64,spread,default,,6.4193673036000005,0.020525527236270304,2136.9903765,6.8289971048049525,10
size,blis,float,EPYC,19500,19500,19500,64,64,close,default,,6.0717906901,0.3822573049456425,2450.7333774,147.07045167953518,10
size,blis,float,EPYC,19500,19500,19500,64,64,spread,default,,6.0317076552,0.2924875448424977,2463.5145285,111.88136900211357,10
size,blis,float,EPYC,20000,20000,20000,64,64,close,default,,7.1373047442,0.3223730390006871,2246.3871659,114.26926671202698,10
size,blis,float,EPYC,20000,20000,20000,64,64,spread,default,,7.1778507435,0.2678184748081624,2232.1623863,91.81130402316643,10
size,blis,float,THIN,2000,2000,2000,12,12,close,default,,0.0245331596,0.0017789989732817722,655.4221045,49.84169207114621,10
size,blis,float,THIN,2000,2000,2000,12,12,spread,default,,0.024507167,0.001317067021410832,654.5311283,34.421468199302524,10
size,blis,float,THIN,2500,2500,2500,12,12,close,default,,0.044813669099999995,0.0013202097023474434,697.8713892,20.351817733368655,10
size,blis,float,THIN,2500,2500,2500,12,12,spread,default,,0.0438707946,0.001510881800820244,713.1077566,25.468757750249562,10
size,blis,float,THIN,3000,3000,3000,12,12,close,default,,0.06755187380000001,0.001206305865336519,799.6157777000001,14.318335914872428,10
size,blis,float,THIN,3000,3000,3000,12,12,spread,default,,0.0668931686,0.0011364003748538826,807.4686964,13.827023660396522,10
size,blis,float,THIN,3500,3500,3500,12,12,close,default,,0.09635134819999999,0.0009574975692088422,890.0511565,8.85302915796499,10
size,blis,float,THIN,3500,3500,3500,12,12,spread,default,,0.0960376731,0.0009134616688479812,892.9516175000001,8.509496815319977,10
size,blis,float,THIN,4000,4000,4000,12,12,close,default,,0.1289913601,0.0006184517708641342,992.3350584,4.759025470214384,10
size,blis,float,THIN,4000,4000,4000,12,12,spread,default,,0.1287563931,0.0003870442299053026,994.1334826,2.989836155555773,10
size,blis,float,THIN,4500,4500,4500,12,12,close,default,,0.1699878819,0.00046719396118135795,1072.1425165,2.938309646090859,10
size,blis,float,THIN,4500,4500,4500,12,12,spread,default,,0.17025707429999998,0.0004926665580890827,1070.448148,3.08947773444996,10
size,blis,float,THIN,5000,5000,5000,12,12,close,default,,0.2206567823,0.000824797096379607,1132.9955318,4.241362309559253,10
size,blis,float,THIN,5000,5000,5000,12,12,spread,default,,0.2212541889,0.00052901607238795,1129.9279214,2.7005681869004645,10
size,blis,float,THIN,5500,5500,5500,12,12,close,default,,0.2767031475,0.0010892397871898481,1202.5689881,4.716928481625929,10
size,blis,float,THIN,5500,5500,5500,12,12,spread,default,,0.27663972540000004,0.0008227928790502657,1202.8375762,3.5877777477826718,10
size,blis,float,THIN,6000,6000,6000,12,12,close,default,,0.3521709086,0.0015073361244295977,1226.6973986,5.261252701332273,10
size,blis,float,THIN,6000,6000,6000,12,12,spread,default,,0.3519422959,0.0010530551344061668,1227.4838546,3.6781588142653585,10
size,blis,float,THIN,6500,6500,6500,12,12,close,default,,0.43190650399999997,0.002691708273745791,1271.731227,7.838350019555148,10
size,blis,float,THIN,6500,6500,6500,12,12,spread,default,,0.4319079842,0.001678414430121399,1271.7001303,4.925182868942484,10
size,blis,float,THIN,7000,7000,7000,12,12,close,default,,0.5375542454,0.003427622125992403,1276.1965427,8.062048411561097,10
size,blis,float,THIN,7000,7000,7000,12,12,spread,default,,0.5371821688,0.0012209213104427661,1277.0401378000001,2.9038459928093365,10
size,blis,float,THIN,7500,7500,7500,12,12,close,default,,0.6467149681000001,0.0016586691519684808,1304.6783171000002,3.346910300979445,10
size,blis,float,THIN,7500,7500,7500,12,12,spread,default,,0.6455140958000001,0.00275060623245381,1307.1190585,5.565332448774426,10
size,blis,float,THIN,8000,8000,8000,12,12,close,default,,0.7715202506,0.0019531042493097762,1327.2573339,3.362620470082331,10
size,blis,float,THIN,8000,8000,8000,12,12,spread,default,,0.7715542285,0.004373756877241966,1327.2292852,7.460728327560908,10
size,blis,float,THIN,8500,8500,8500,12,12,close,default,,0.9121497134000001,0.004398439495370408,1346.5723397,6.4604426329337015,10
size,blis,float,THIN,8500,8500,8500,12,12,spread,default,,0.9112845847,0.003819886256486787,1347.843977,5.654293272320219,10
size,blis,float,THIN,9000,9000,9000,12,12,close,default,,1.0847694146,0.004065029278351309,1344.0814068,5.029581758068025,10
size,blis,float,THIN,9000,9000,9000,12,12,spread,default,,1.0857452509,0.004989313924212779,1342.8819411,6.166611307426478,10
size,blis,float,THIN,9500,9500,9500,12,12,close,default,,1.2733028162,0.004782519834331345,1346.7116171,5.0402672473446914,10
size,blis,float,THIN,9500,9500,9500,12,12,spread,default,,1.2725990336000002,0.006469240507346916,1347.4705961,6.8322889379359335,10
size,blis,float,THIN,10000,10000,10000,12,12,close,default,,1.4913703745,0.004962133735278906,1341.0618657,4.464274035711613,10
size,blis,float,THIN,10000,10000,10000,12,12,spread,default,,1.4884649846,0.008817236793386616,1343.7086935,7.981935261838644,10
size,blis,float,THIN,10500,10500,10500,12,12,close,default,,1.6850157599,0.007855526606814756,1374.0496650999999,6.4131946713227554,10
size,blis,float,THIN,10500,10500,10500,12,12,spread,default,,1.6821771989000003,0.008755253263413863,1376.3750111,7.190824670814121,10
size,blis,float,THIN,11000,11000,11000,12,12,close,default,,1.9487021539,0.005136436874442502,1366.045916,3.59498228116083,10
size,blis,float,THIN,11000,11000,11000,12,12,spread,default,,1.9483397224,0.016471302742276393,1366.378529,11.438460474967988,10
size,blis,float,THIN,11500,11500,11500,12,12,close,default,,2.1931811522,0.00780238164597876,1386.9281216,4.929569706940705,10
size,blis,float,THIN,11500,11500,11500,12,12,spread,default,,2.1987693825,0.007827828509149294,1383.4032786,4.935776913943277,10
size,blis,float,THIN,12000,12000,12000,12,12,close,default,,2.5358593839,0.018122041432459803,1362.9139785,9.700233023083749,10
size,blis,float,THIN,12000,12000,12000,12,12,spread,default,,2.5364749712,0.023458158882784335,1362.6253201,12.553451374337232,10
size,blis,float,THIN,12500,12500,12500,12,12,close,default,,2.8595958742,0.015532630270011548,1366.0510688,7.439696186922682,10
size,blis,float,THIN,12500,12500,12500,12,12,spread,default,,2.858171556,0.022425781670904168,1366.7711731,10.726474171338916,10
size,blis,float,THIN,13000,13000,13000,12,12,close,default,,3.2185817223999997,0.02329033644300882,1365.2620716000001,9.901769231319541,10
size,blis,float,THIN,13000,13000,13000,12,12,spread,default,,3.2146939822999996,0.0172529760667459,1366.8840111,7.329252333476303,10
size,blis,float,THIN,13500,13500,13500,12,12,close,default,,3.5607819327000003,0.009008743899643819,1381.937596,3.5057530672847954,10
size,blis,float,THIN,13500,13500,13500,12,12,spread,default,,3.5571967416999994,0.012728908483231093,1383.3383544,4.948257565342638,10
size,blis,float,THIN,14000,14000,14000,12,12,close,default,,3.9419071345,0.015299873458013346,1392.2383922000001,5.406832752162358,10
size,blis,float,THIN,14000,14000,14000,12,12,spread,default,,3.9423375303,0.009728071784231462,1392.0751406,3.434763194769648,10
size,blis,float,THIN,14500,14500,14500,12,12,close,default,,4.3940409728,0.015576434924184843,1387.6336113000002,4.917965653040988,10
size,blis,float,THIN,14500,14500,14500,12,12,spread,default,,4.395819508600001,0.02792502822389462,1387.1071153,8.853878052495208,10
size,blis,float,THIN,15000,15000,15000,12,12,close,default,,4.9050855033,0.02859529828266523,1376.1649123,8.026289438408202,10
size,blis,float,THIN,15000,15000,15000,12,12,spread,default,,4.9071771845,0.035483522180393336,1375.6009141999998,9.939684738416299,10
size,blis,float,THIN,15500,15500,15500,12,12,close,default,,5.3684058305,0.03370639944570297,1387.3789762000001,8.68243186841073,10
size,blis,float,THIN,15500,15500,15500,12,12,spread,default,,5.3950631491,0.05053798040677321,1380.5828794000001,12.792554597818235,10
size,blis,float,THIN,16000,16000,16000,12,12,close,default,,5.9663486193,0.026517948204373684,1373.058434,6.087856645583424,10
size,blis,float,THIN,16000,16000,16000,12,12,spread,default,,5.9856437557,0.0187555822115127,1368.6201632,4.30888075165814,10
size,blis,float,THIN,16500,16500,16500,12,12,close,default,,6.5040409461,0.03780792509060483,1381.3759394,8.101649138015375,10
size,blis,float,THIN,16500,16500,16500,12,12,spread,default,,6.491071088699999,0.027975010937189505,1384.1168853000001,6.001377046551058,10
size,blis,float,THIN,17000,17000,17000,12,12,close,default,,7.1307802011999994,0.05503883606582485,1378.0437803,10.645527137808449,10
size,blis,float,THIN,17000,17000,17000,12,12,spread,default,,7.124175038900001,0.052735632052707405,1379.3156274,10.239488810224417,10
size,blis,float,THIN,17500,17500,17500,12,12,close,default,,7.7501835766,0.03703415542483089,1383.0601632,6.605431813992403,10
size,blis,float,THIN,17500,17500,17500,12,12,spread,default,,7.7486294586,0.029631089927234216,1383.3273063000001,5.276641874203633,10
size,blis,float,THIN,18000,18000,18000,12,12,close,default,,8.350811090799999,0.08206611698248308,1396.8714505,13.669619864755795,10
size,blis,float,THIN,18000,18000,18000,12,12,spread,default,,8.3724205537,0.07187423301763918,1393.2376265999999,11.924472816814122,10
size,blis,float,THIN,18500,18500,18500,12,12,close,default,,9.0726764541,0.054533935550955814,1395.8020480999999,8.361399656525192,10
size,blis,float,THIN,18500,18500,18500,12,12,spread,default,,9.085066054799999,0.06473112994535402,1393.9169504,9.914297840436566,10
size,blis,float,THIN,19000,19000,19000,12,12,close,default,,9.831293630400001,0.04825353406310655,1395.3706516,6.875765496738086,10
size,blis,float,THIN,19000,19000,19000,12,12,spread,default,,9.8437862115,0.05803930961538218,1393.6130532,8.212127415183124,10
size,blis,float,THIN,19500,19500,19500,12,12,close,default,,10.5493830743,0.04026642721361043,1405.7640687,5.344265597239455,10
size,blis,float,THIN,19500,19500,19500,12,12,spread,default,,10.531002715,0.04163138546944419,1408.2189973,5.55363123933566,10
size,blis,float,THIN,20000,20000,20000,12,12,close,default,,11.434696965499999,0.0736731258746373,1399.3022549,9.0076013780582,10
size,blis,float,THIN,20000,20000,20000,12,12,spread,default,,11.415748404,0.06778020247530865,1401.616933,8.299326029253658,10
size,mkl,double,EPYC,2000,2000,2000,64,64,close,default,,0.042725394900000005,0.0012351687208457217,374.7623662,10.679737376562445,10
size,mkl,double,EPYC,2000,2000,2000,64,64,spread,default,,0.0421128816,0.0016068028156963833,380.446733,15.022198034062338,10
size,mkl,double,EPYC,2500,2500,2500,64,64,close,default,,0.0563902774,0.0010598984413733225,554.3530402,10.613075351568488,10
size,mkl,double,EPYC,2500,2500,2500,64,64,spread,default,,0.05605889630000001,0.0015526989526130903,557.8365438,15.531790075134449,10
size,mkl,double,EPYC,3000,3000,3000,64,64,close,default,,0.0790805207,0.0027516250773130376,683.5823598,23.452413062563668,10
size,mkl,double,EPYC,3000,3000,3000,64,64,spread,default,,0.0776584544,0.002026936210961986,695.7896281000001,18.61876134759364,10
size,mkl,double,EPYC,3500,3500,3500,64,64,close,default,,0.12587889400000002,0.0032409376836074182,681.6157625,17.504098084533105,10
size,mkl,double,EPYC,3500,3500,3500,64,64,spread,default,,0.1292967479,0.007496220933739661,665.215606,38.625014112666456,10
size,mkl,double,EPYC,4000,4000,4000,64,64,close,default,,0.1966357622,0.0064131966943662844,651.5714054,21.186584477507733,10
size,mkl,double,EPYC,4000,4000,4000,64,64,spread,default,,0.2023524814,0.008319871627262646,633.4942903,25.305200241199024,10
size,mkl,double,EPYC,4500,4500,4500,64,64,close,default,,0.29538551269999996,0.005401918395215224,617.1704550000001,10.947039760220353,10
size,mkl,double,EPYC,4500,4500,4500,64,64,spread,default,,0.2982638099,0.008981977963306948,611.5218324,17.925744939750857,10
size,mkl,double,EPYC,5000,5000,5000,64,64,close,default,,0.430644828,0.004882210930473505,580.5912412,6.512837892593239,10
size,mkl,double,EPYC,5000,5000,5000,64,64,spread,default,,0.4317731137,0.007018218494916044,579.1451188999999,9.387940623044349,10
size,mkl,double,EPYC,5500,5500,5500,64,64,close,default,,0.5918729583,0.004793614463728051,562.231483,4.545764657635904,10
size,mkl,double,EPYC,5500,5500,5500,64,64,spread,default,,0.5895970867,0.0037237661529342134,564.3888026,3.578838691251593,10
size,mkl,double,EPYC,6000,6000,6000,64,64,close,default,,0.7659667491,0.0031838415369216454,564.0019219,2.3446986564280805,10
size,mkl,double,EPYC,6000,6000,6000,64,64,spread,default,,0.7667036443999999,0.00529703410080729,563.475147,3.8699158686446546,10
size,mkl,double,EPYC,6500,6500,6500,64,64,close,default,,0.9784697181,0.0029316668387057146,561.3402442,1.6792491688336793,10
size,mkl,double,EPYC,6500,6500,6500,64,64,spread,default,,0.978363369,0.004349955114111234,561.4067349,2.499288650991139,10
size,mkl,double,EPYC,7000,7000,7000,64,64,close,default,,1.2324558858999999,0.0045018423103335425,556.6188884000001,2.0301443478061354,10
size,mkl,double,EPYC,7000,7000,7000,64,64,spread,default,,1.2332990091,0.006147325591932631,556.2441251,2.7705908851524814,10
size,mkl,double,EPYC,7500,7500,7500,64,64,close,default,,1.5034352354,0.004712399190915815,561.2196905,1.758339464477713,10
size,mkl,double,EPYC,7500,7500,7500,64,64,spread,default,,1.5031091506999998,0.005163110585972472,561.3424546,1.9325583581018384,10
size,mkl,double,EPYC,8000,8000,8000,64,64,close,default,,1.7958871465000001,0.005296192689445786,570.1961994000001,1.683646672511803,10
size,mkl,double,EPYC,8000,8000,8000,64,64,spread,default,,1.7984646977,0.006590656014929115,569.3814045,2.0830379656938005,10
size,mkl,double,EPYC,8500,8500,8500,64,64,close,default,,2.1603310748999998,0.005011911413891542,568.5498687,1.3188625208833293,10
size,mkl,double,EPYC,8500,8500,8500,64,64,spread,default,,2.1549094847,0.004745804907076055,569.9800239,1.2548518746171309,10
size,mkl,double,EPYC,9000,9000,9000,64,64,close,default,,2.4223282611,0.005678232182545532,601.9032361,1.4125539988465534,10
size,mkl,double,EPYC,9000,9000,9000,64,64,spread,default,,2.4216513126000003,0.0048567379870032065,602.0706901,1.2071676134922205,10
size,mkl,double,EPYC,9500,9500,9500,64,64,close,default,,2.6941686396,0.14187424542856938,638.0591019999999,33.589322240031265,10
size,mkl,double,EPYC,9500,9500,9500,64,64,spread,default,,2.8334337924,0.0054390413370714995,605.1864300999999,1.1607614408590738,10
size,mkl,double,EPYC,10000,10000,10000,64,64,close,default,,3.2859870204000003,0.008528621202203015,608.6488125,1.5761352081358995,10
size,mkl,double,EPYC,10000,10000,10000,64,64,spread,default,,2.9541239428,0.2851318829214038,682.5363214,63.50653100737901,10
size,mkl,double,EPYC,10500,10500,10500,64,64,close,default,,3.3060071100000004,0.312353977606995,705.787757,64.34995189226419,10
size,mkl,double,EPYC,10500,10500,10500,64,64,spread,default,,3.5442775632999997,0.2580637357236477,656.7345464,53.39048849215407,10
size,mkl,double,EPYC,11000,11000,11000,64,64,close,default,,4.1719858809,0.011621876185563287,638.0698995,1.7793794795910138,10
size,mkl,double,EPYC,11000,11000,11000,64,64,spread,default,,4.1697989178,0.012513034229672886,638.4052578,1.913849589464056,10
size,mkl,double,EPYC,11500,11500,11500,64,64,close,default,,4.6609924423,0.0114100085644598,652.6005958,1.6015210167720693,10
size,mkl,double,EPYC,11500,11500,11500,64,64,spread,default,,4.3970605639,0.410319765614746,697.6930915,70.53951867320347,10
size,mkl,double,EPYC,12000,12000,12000,64,64,close,default,,4.288724849199999,0.3145290773693219,809.1402224999999,50.09479451750306,10
size,mkl,double,EPYC,12000,12000,12000,64,64,spread,default,,4.4287000337,0.3551580071163322,784.571295,58.37050496388847,10
size,mkl,double,EPYC,12500,12500,12500,64,64,close,default,,5.475670051100001,0.43516015573289313,717.917661,63.44027388022616,10
size,mkl,double,EPYC,12500,12500,12500,64,64,spread,default,,5.7191018996,0.01875978327151298,683.0246918,2.2396452260538693,10
size,mkl,double,EPYC,13000,13000,13000,64,64,close,default,,6.1835774051,0.32272523299966716,712.5520011,41.7588026295442,10
size,mkl,double,EPYC,13000,13000,13000,64,64,spread,default,,6.3231343439,0.0123949356603246,694.9109378,1.3640744936607183,10
size,mkl,double,EPYC,13500,13500,13500,64,64,close,default,,6.8172273331,0.018594458749705778,721.8158778,1.967782336726571,10
size,mkl,double,EPYC,13500,13500,13500,64,64,spread,default,,6.814252076200001,0.012471803274890723,722.1283874,1.3241476992420627,10
size,mkl,double,EPYC,14000,14000,14000,64,64,close,default,,7.4201463129,0.023613344997385734,739.6147825,2.348123369703045,10
size,mkl,double,EPYC,14000,14000,14000,64,64,spread,default,,7.4160010391,0.026314066488526015,740.0298497,2.6236223403259813,10
size,mkl,double,EPYC,14500,14500,14500,64,64,close,default,,8.1100772291,0.02002010486174907,751.815701,1.8535641122302138,10
size,mkl,double,EPYC,14500,14500,14500,64,64,spread,default,,7.524328896999999,0.9476406051364006,823.5183000000001,116.33069952875684,10
size,mkl,double,EPYC,15000,15000,15000,64,64,close,default,,8.7881096676,0.021526861677879698,768.0874107,1.8787570654442078,10
size,mkl,double,EPYC,15000,15000,15000,64,64,spread,default,,8.0127041331,0.9776664744527902,854.4293900999999,109.43375392550946,10
size,mkl,double,EPYC,15500,15500,15500,64,64,close,default,,9.4530470952,0.018278535685010776,787.8703009,1.5233577450894586,10
size,mkl,double,EPYC,15500,15500,15500,64,64,spread,default,,8.3672192094,1.1394836203320973,905.3505785,124.44657377531493,10
size,mkl,double,EPYC,16000,16000,16000,64,64,close,default,,10.128155429200001,0.025315408121720166,808.8388982,2.02240172675181,10
size,mkl,double,EPYC,16000,16000,16000,64,64,spread,default,,9.313874271,1.0667801179530978,890.5483813999999,106.71521112258021,10
size,mkl,double,EPYC,16500,16500,16500,64,64,close,default,,10.8978023216,0.03955695168520864,824.4191311000001,2.9976640827966574,10
size,mkl,double,EPYC,16500,16500,16500,64,64,spread,default,,10.469623192,0.8637280126103661,864.1206882,80.74841608028422,10
size,mkl,double,EPYC,17000,17000,17000,64,64,close,default,,15.4514412053,0.02188862667936426,635.9288828,0.9007736669826037,10
size,mkl,double,EPYC,17000,17000,17000,64,64,spread,default,,10.9868727086,1.1526002387717436,904.2321615999999,104.84740648237171,10
size,mkl,double,EPYC,17500,17500,17500,64,64,close,default,,15.854940775,0.016955901762504506,676.0517868,0.7235480812455738,10
size,mkl,double,EPYC,17500,17500,17500,64,64,spread,default,,15.7959057719,0.02788149380519845,678.5796376999999,1.1961324102875324,10
size,mkl,double,EPYC,18000,18000,18000,64,64,close,default,,16.2793141561,0.03244305819285101,716.4946646000001,1.429330996276886,10
size,mkl,double,EPYC,18000,18000,18000,64,64,spread,default,,16.2182138571,0.017742031699086617,719.1921787,0.7866072291476576,10
size,mkl,double,EPYC,18500,18500,18500,64,64,close,default,,20.0502785936,1.0818218077130337,633.4907628,39.46272013109362,10
size,mkl,double,EPYC,18500,18500,18500,64,64,spread,default,,20.0994738782,0.3187468039319033,630.1743185,10.187657735110978,10
size,mkl,double,EPYC,19000,19000,19000,64,64,close,default,,21.9440945329,0.2587701389092311,625.2142294,7.558190788783752,10
size,mkl,double,EPYC,19000,19000,19000,64,64,spread,default,,21.521997615300002,0.4274886797671991,637.6254155,12.927545716852316,10
size,mkl,double,EPYC,19500,19500,19500,64,64,close,default,,21.4940550369,0.31902528202036706,690.0838249999999,10.274610942671941,10
size,mkl,double,EPYC,19500,19500,19500,64,64,spread,default,,21.4176240925,0.5941958264391437,692.9035281,19.820900689155298,10
size,mkl,double,EPYC,20000,20000,20000,64,64,close,default,,23.825587869099998,0.27502272839849834,671.6278948,7.7950842024799645,10
size,mkl,double,EPYC,20000,20000,20000,64,64,spread,default,,23.1048659132,0.3851334680159467,692.6694901,11.645188107557672,10
size,mkl,double,THIN,2000,2000,2000,12,12,close,default,,0.0402555082,0.004194047011790212,401.6507121,44.932664711877976,10
size,mkl,double,THIN,2000,2000,2000,12,12,spread,default,,0.0408846028,0.004632243127963402,395.8968781,44.97217370596784,10
size,mkl,double,THIN,2500,2500,2500,12,12,close,default,,0.0646324205,0.00427345878611772,485.67891629999997,36.656139715312115,10
size,mkl,double,THIN,2500,2500,2500,12,12,spread,default,,0.0629366106,0.0070923300581265634,501.7073117,51.577747221528156,10
size,mkl,double,THIN,3000,3000,3000,12,12,close,default,,0.0922559967,0.0035498390715982798,586.1354180999999,23.338279936200244,10
size,mkl,double,THIN,3000,3000,3000,12,12,spread,default,,0.0902687514,0.0033203990529854493,598.9364832,21.84617403457943,10
size,mkl,double,THIN,3500,3500,3500,12,12,close,default,,0.1307582512,0.011427040398620063,660.0510078,54.19479205926499,10
size,mkl,double,THIN,3500,3500,3500,12,12,spread,default,,0.1354247486,0.012227337753656324,637.9235532,58.254233115655204,10
size,mkl,double,THIN,4000,4000,4000,12,12,close,default,,0.1977314822,0.0006537078626202307,647.3489313,2.147905133849761,10
size,mkl,double,THIN,4000,4000,4000,12,12,spread,default,,0.1923255418,0.010790708408632338,667.5901727,40.639848937709424,10
size,mkl,double,THIN,4500,4500,4500,12,12,close,default,,0.26335770740000003,0.0006515127370444493,692.0283602,1.709524307583817,10
size,mkl,double,THIN,4500,4500,4500,12,12,spread,default,,0.2629283972,0.000785911169499839,693.1600647,2.0709053170166896,10
size,mkl,double,THIN,5000,5000,5000,12,12,close,default,,0.3488706273,0.0003153881737073347,716.5985458,0.6489078102342722,10
size,mkl,double,THIN,5000,5000,5000,12,12,spread,default,,0.3490662212,0.00024272855261646352,716.1967946,0.49777982974700197,10
size,mkl,double,THIN,5500,5500,5500,12,12,close,default,,0.4480045823,0.0008603248915511219,742.7404064,1.427786203411431,10
size,mkl,double,THIN,5500,5500,5500,12,12,spread,default,,0.44799184,0.0008173027179558409,742.7612882999999,1.354370066999593,10
size,mkl,double,THIN,6000,6000,6000,12,12,close,default,,0.5652059656999999,0.0004437540838049642,764.3235665999999,0.5998964342716296,10
size,mkl,double,THIN,6000,6000,6000,12,12,spread,default,,0.5653929556999999,0.0006204170191268232,764.0711901,0.8390664816339756,10
size,mkl,double,THIN,6500,6500,6500,12,12,close,default,,0.710186069,0.001478053113375862,773.3918805999999,1.6082879985565113,10
size,mkl,double,THIN,6500,6500,6500,12,12,spread,default,,0.7095762779,0.0014647532283638518,774.0564585,1.5934488473471273,10
size,mkl,double,THIN,7000,7000,7000,12,12,close,default,,0.8849745974,0.001322820704298323,775.1650508,1.1581466857345382,10
size,mkl,double,THIN,7000,7000,7000,12,12,spread,default,,0.8839444321000001,0.0013363870968308802,776.0684789,1.1730395626928294,10
size,mkl,double,THIN,7500,7500,7500,12,12,close,default,,1.07180627,0.0011538852358821286,787.2233097999999,0.8467279956475497,10
size,mkl,double,THIN,7500,7500,7500,12,12,spread,default,,1.0709226714,0.000889279040994873,787.8725009,0.653807717859746,10
size,mkl,double,THIN,8000,8000,8000,12,12,close,default,,1.2878669491,0.0012198138589474478,795.1138328,0.7525619282901037,10
size,mkl,double,THIN,8000,8000,8000,12,12,spread,default,,1.2860690499,0.0013745577513846322,796.2255637000001,0.8522208039363895,10
size,mkl,double,THIN,8500,8500,8500,12,12,close,default,,1.5539630363,0.0016780133265458905,790.3992949999999,0.853007534050826,10
size,mkl,double,THIN,8500,8500,8500,12,12,spread,default,,1.5520785326,0.0011920733290338215,791.3585726,0.6077031119398715,10
size,mkl,double,THIN,9000,9000,9000,12,12,close,default,,1.816904967,0.0014946270232838478,802.4640330999999,0.6598637847986162,10
size,mkl,double,THIN,9000,9000,9000,12,12,spread,default,,1.818114828,0.005599223139536736,801.9363857999999,2.467486893815819,10
size,mkl,double,THIN,9500,9500,9500,12,12,close,default,,2.1526632388999998,0.008601757223143342,796.5828954000001,3.1925930879185076,10
size,mkl,double,THIN,9500,9500,9500,12,12,spread,default,,2.1445907939,0.009530255377075152,799.5839485,3.5413479883775065,10
size,mkl,double,THIN,10000,10000,10000,12,12,close,default,,2.5053517077,0.012503984689191495,798.3089782999999,3.977589581564791,10
size,mkl,double,THIN,10000,10000,10000,12,12,spread,default,,2.4960041449999997,0.00740633862272541,801.2870285,2.3620111655465954,10
size,mkl,double,THIN,10500,10500,10500,12,12,close,default,,2.8845377901,0.011362661841864068,802.6527853,3.1577032440754333,10
size,mkl,double,THIN,10500,10500,10500,12,12,spread,default,,2.8776741907999996,0.007953700596324127,804.5615009999999,2.2164575648806504,10
size,mkl,double,THIN,11000,11000,11000,12,12,close,default,,3.2880903373000003,0.013229209659336015,809.6001902,3.238848654742672,10
size,mkl,double,THIN,11000,11000,11000,12,12,spread,default,,3.2954518315000003,0.013636965191993483,807.792412,3.339213445763312,10
size,mkl,double,THIN,11500,11500,11500,12,12,close,default,,3.7310194646,0.0016362473506664915,815.2598921,0.35753492315343205,10
size,mkl,double,THIN,11500,11500,11500,12,12,spread,default,,3.7290611416000004,0.0010016593204619866,815.6879392,0.21912725099094274,10
size,mkl,double,THIN,12000,12000,12000,12,12,close,default,,4.245855242,0.0034671027199167145,813.9707725000001,0.6638821416565435,10
size,mkl,double,THIN,12000,12000,12000,12,12,spread,default,,4.2459792876,0.0031561570834925065,813.946909,0.6043809260321986,10
size,mkl,double,THIN,12500,12500,12500,12,12,close,default,,4.7873893908,0.003835890121727111,815.9462156000001,0.6534566903916408,10
size,mkl,double,THIN,12500,12500,12500,12,12,spread,default,,4.7894682446,0.0076210382536176366,815.5934417000001,1.2959579885107748,10
size,mkl,double,THIN,13000,13000,13000,12,12,close,default,,5.3697261084,0.004993111338988976,818.2919079999999,0.7616741254195419,10
size,mkl,double,THIN,13000,13000,13000,12,12,spread,default,,5.3674551187,0.00801454556204996,818.6391322000001,1.2202029493420647,10
size,mkl,double,THIN,13500,13500,13500,12,12,close,default,,6.0186587643000005,0.0042254110338914306,817.5828494,0.5737935850927857,10
size,mkl,double,THIN,13500,13500,13500,12,12,spread,default,,6.02475492,0.010665127645975327,816.7575157,1.4440999929513374,10
size,mkl,double,THIN,14000,14000,14000,12,12,close,default,,6.711641220900001,0.007394952153391029,817.6846488,0.9007237985803737,10
size,mkl,double,THIN,14000,14000,14000,12,12,spread,default,,6.7029199315,0.010492194250150874,818.7494626,1.2804935457770368,10
size,mkl,double,THIN,14500,14500,14500,12,12,close,default,,7.441813772800001,0.01955085579601181,819.328183,2.1457986807412825,10
size,mkl,double,THIN,14500,14500,14500,12,12,spread,default,,7.4360535473,0.011732568276060892,819.9596195,1.2914142114463631,10
size,mkl,double,THIN,15000,15000,15000,12,12,close,default,,8.2398894966,0.022383108170002167,819.1911474000001,2.2105411073368817,10
size,mkl,double,THIN,15000,15000,15000,12,12,spread,default,,8.235317698,0.01038806542695502,819.6416824,1.0326041315424148,10
size,mkl,double,THIN,15500,15500,15500,12,12,close,default,,9.0855091228,0.01072464309263088,819.7404512999999,0.9685226236858323,10
size,mkl,double,THIN,15500,15500,15500,12,12,spread,default,,9.078621343,0.006730517837909499,820.3617496,0.608890662167447,10
size,mkl,double,THIN,16000,16000,16000,12,12,close,default,,9.9812810663,0.04636938342770114,820.7521876000001,3.7925370885066423,10
size,mkl,double,THIN,16000,16000,16000,12,12,spread,default,,9.949230177299999,0.015950712880427598,823.3821871,1.316763379303305,10
size,mkl,double,THIN,16500,16500,16500,12,12,close,default,,10.9670925647,0.03019878023249607,819.2062894999999,2.2519990441095747,10
size,mkl,double,THIN,16500,16500,16500,12,12,spread,default,,10.9603799691,0.006836133185112167,819.7027085,0.5112464002123372,10
size,mkl,double,THIN,17000,17000,17000,12,12,close,default,,12.0038484519,0.023580141230622548,818.5736617,1.6106514809925816,10
size,mkl,double,THIN,17000,17000,17000,12,12,spread,default,,11.9890789558,0.04235231092483302,819.5884241,2.8944345165672405,10
size,mkl,double,THIN,17500,17500,17500,12,12,close,default,,13.0295462532,0.03574116031025112,822.6550735000001,2.2485735179534303,10
size,mkl,double,THIN,17500,17500,17500,12,12,spread,default,,12.9835599752,0.015166014583804009,825.5642642999999,0.9624826182815248,10
size,mkl,double,THIN,18000,18000,18000,12,12,close,default,,14.212787046799999,0.009386520002519468,820.6697629,0.5417718989969427,10
size,mkl,double,THIN,18000,18000,18000,12,12,spread,default,,14.1933452292,0.02463985171441685,821.7958166000001,1.4310944673860375,10
size,mkl,double,THIN,18500,18500,18500,12,12,close,default,,15.523593917700001,0.021060948906504423,815.7435098,1.1073202332456134,10
size,mkl,double,THIN,18500,18500,18500,12,12,spread,default,,15.530347911300002,0.030965940025570307,815.3903154,1.6248257433065934,10
size,mkl,double,THIN,19000,19000,19000,12,12,close,default,,16.6784366417,0.008918438811938111,822.4993642,0.43999644071964317,10
size,mkl,double,THIN,19000,19000,19000,12,12,spread,default,,16.6475396756,0.028662357837009347,824.0278664,1.4188268593889053,10
size,mkl,double,THIN,19500,19500,19500,12,12,close,default,,18.178005447300002,0.015894387537776136,815.8078865,0.713160676341642,10
size,mkl,double,THIN,19500,19500,19500,12,12,spread,default,,18.1898221712,0.028628201234273957,815.2791675000001,1.2838277254624442,10
size,mkl,double,THIN,20000,20000,20000,12,12,close,default,,19.5993950963,0.028938847998821855,816.3533274,1.2055382687156204,10
size,mkl,double,THIN,20000,20000,20000,12,12,spread,default,,19.6193907066,0.054753500358728766,815.5254384,2.2769753860874418,10
size,mkl,float,EPYC,2000,2000,2000,64,64,close,default,,0.031312023499999994,0.018051900117820773,582.4814901,138.79549718935232,10
size,mkl,float,EPYC,2000,2000,2000,64,64,spread,default,,0.0318352634,0.018164871850310283,571.4698949,134.7226293390787,10
size,mkl,float,EPYC,2500,2500,2500,64,64,close,default,,0.032441941200000005,0.0015392787910453976,965.2316066999999,46.22725990949736,10
size,mkl,float,EPYC,2500,2500,2500,64,64,spread,default,,0.032108912,0.0012635134046254594,974.5807613000001,37.60237864005921,10
size,mkl,float,EPYC,3000,3000,3000,64,64,close,default,,0.042911315,0.0006509777728135838,1258.6706878,19.142935174489953,10
size,mkl,float,EPYC,3000,3000,3000,64,64,spread,default,,0.043804896999999995,0.0007582343224843713,1233.0685967,21.166877369926343,10
size,mkl,float,EPYC,3500,3500,3500,64,64,close,default,,0.058332373199999996,0.0011260206554557807,1470.5234243999998,28.743383061481865,10
size,mkl,float,EPYC,3500,3500,3500,64,64,spread,default,,0.057707701,0.0011236439449429194,1486.440012,28.716297257297022,10
size,mkl,float,EPYC,4000,4000,4000,64,64,close,default,,0.07506602450000001,0.0008939551847067364,1705.3827384,20.2652464250708,10
size,mkl,float,EPYC,4000,4000,4000,64,64,spread,default,,0.0749853671,0.001611634256881534,1707.7102952,36.740618718825466,10
size,mkl,float,EPYC,4500,4500,4500,64,64,close,default,,0.0969233124,0.001482128249103234,1880.7586774,29.51262987907278,10
size,mkl,float,EPYC,4500,4500,4500,64,64,spread,default,,0.0962289593,0.0016912341978278622,1894.4485092,33.38319140722813,10
size,mkl,float,EPYC,5000,5000,5000,64,64,close,default,,0.12412912849999999,0.0025965872685026503,2014.8367768,42.770658875085694,10
size,mkl,float,EPYC,5000,5000,5000,64,64,spread,default,,0.1228841426,0.0018246119765464408,2034.8415512,30.304868315858034,10
size,mkl,float,EPYC,5500,5500,5500,64,64,close,default,,0.1647202854,0.0024634141319672662,2020.5008681,30.44069202405185,10
size,mkl,float,EPYC,5500,5500,5500,64,64,spread,default,,0.1661277323,0.0022255643670989317,2003.2997116,26.780340333603466,10
size,mkl,float,EPYC,6000,6000,6000,64,64,close,default,,0.2329057293,0.008449933179610895,1857.0075731000002,66.7821381913161,10
size,mkl,float,EPYC,6000,6000,6000,64,64,spread,default,,0.22898964500000002,0.0051019816504147344,1887.3905768,42.01704134631216,10
size,mkl,float,EPYC,6500,6500,6500,64,64,close,default,,0.34044060210000004,0.007033981987758559,1613.9600333,32.79150339622164,10
size,mkl,float,EPYC,6500,6500,6500,64,64,spread,default,,0.3387078851,0.003380017457960883,1621.7481975,16.076354453804964,10
size,mkl,float,EPYC,7000,7000,7000,64,64,close,default,,0.4731759908,0.006950268185973307,1450.0587655,21.264485419688864,10
size,mkl,float,EPYC,7000,7000,7000,64,64,spread,default,,0.47220179609999996,0.003960733160429502,1452.8606837,12.182282283455672,10
size,mkl,float,EPYC,7500,7500,7500,64,64,close,default,,0.6414956514,0.005006438510297367,1315.3577138,10.265778699543896,10
size,mkl,float,EPYC,7500,7500,7500,64,64,spread,default,,0.6401637442,0.0049557902836799795,1318.0933294000001,10.215321476817593,10
size,mkl,float,EPYC,8000,8000,8000,64,64,close,default,,0.7849506554,0.01729815830227244,1305.1293804000002,29.69669699885163,10
size,mkl,float,EPYC,8000,8000,8000,64,64,spread,default,,0.7973654523,0.008853020638042308,1284.3728867,14.379743045124783,10
size,mkl,float,EPYC,8500,8500,8500,64,64,close,default,,0.9913329785,0.0166590952875652,1239.3059048,21.004780389928328,10
size,mkl,float,EPYC,8500,8500,8500,64,64,spread,default,,1.0070184168,0.011897236183394755,1219.8460252999998,14.702597616014224,10
size,mkl,float,EPYC,9000,9000,9000,64,64,close,default,,1.1289490762,0.0089215472362289,1291.5388772000001,10.165962653788489,10
size,mkl,float,EPYC,9000,9000,9000,64,64,spread,default,,1.124127644,0.006877942900476834,1297.04934,7.918932148531569,10
size,mkl,float,EPYC,9500,9500,9500,64,64,close,default,,1.3378282078,0.009310579078101636,1281.7971169,8.871871069553457,10
size,mkl,float,EPYC,9500,9500,9500,64,64,spread,default,,1.3207713841,0.009131274627633211,1298.3500776,8.959712567764846,10
size,mkl,float,EPYC,10000,10000,10000,64,64,close,default,,1.5548762123,0.010992870179962137,1286.3337329,9.068973387265842,10
size,mkl,float,EPYC,10000,10000,10000,64,64,spread,default,,1.5539641686999999,0.0065444406077468245,1287.0515755000001,5.43843721562261,10
size,mkl,float,EPYC,10500,10500,10500,64,64,close,default,,1.7926304057,0.009319791944583072,1291.5691754,6.6973939795842385,10
size,mkl,float,EPYC,10500,10500,10500,64,64,spread,default,,1.7733248420999999,0.008502199343727108,1305.6254374,6.27590090023792,10
size,mkl,float,EPYC,11000,11000,11000,64,64,close,default,,2.0591078082,0.00633299117442448,1292.8039231999999,3.974459116922458,10
size,mkl,float,EPYC,11000,11000,11000,64,64,spread,default,,2.0493072872,0.007980765636234372,1298.9932754,5.065751202269133,10
size,mkl,float,EPYC,11500,11500,11500,64,64,close,default,,2.2739961075,0.009399391476674842,1337.6437505,5.518366166792791,10
size,mkl,float,EPYC,11500,11500,11500,64,64,spread,default,,2.2654627542,0.007701030574369646,1342.6756472000002,4.56935076536387,10
size,mkl,float,EPYC,12000,12000,12000,64,64,close,default,,2.5294155531999998,0.010894463928024017,1366.3462728999998,5.865883111179365,10
size,mkl,float,EPYC,12000,12000,12000,64,64,spread,default,,2.5375652513999998,0.00766520792925366,1361.9466023,4.112699609629222,10
size,mkl,float,EPYC,12500,12500,12500,64,64,close,default,,2.799353669,0.008162544102748514,1395.4220515,4.06192220575427,10
size,mkl,float,EPYC,12500,12500,12500,64,64,spread,default,,2.7918384254,0.009483558247696859,1399.1821341999998,4.738798153567919,10
size,mkl,float,EPYC,13000,13000,13000,64,64,close,default,,3.1488011669000002,0.01642238517233922,1395.485929,7.288342228517251,10
size,mkl,float,EPYC,13000,13000,13000,64,64,spread,default,,3.0572063768,0.19338521874593084,1442.9681837,100.27199815795686,10
size,mkl,float,EPYC,13500,13500,13500,64,64,close,default,,3.4856583041,0.013786939393014112,1411.7331577999998,5.59348900238254,10
size,mkl,float,EPYC,13500,13500,13500,64,64,spread,default,,3.3620029533,0.2593817289563462,1472.4920706999999,127.54143605107194,10
size,mkl,float,EPYC,14000,14000,14000,64,64,close,default,,3.7882327756,0.24418472992121243,1455.1895518000001,111.93199172023475,10
size,mkl,float,EPYC,14000,14000,14000,64,64,spread,default,,3.2812266256999996,0.31831354203589524,1685.0997715,143.80592895528238,10
size,mkl,float,EPYC,14500,14500,14500,64,64,close,default,,3.516436459,0.40952417487517917,1753.4895014,186.65913298522617,10
size,mkl,float,EPYC,14500,14500,14500,64,64,spread,default,,3.7781578465,0.444348441168826,1635.1386443,201.4566949626178,10
size,mkl,float,EPYC,15000,15000,15000,64,64,close,default,,4.563669988,0.014893899538635869,1479.0869375,4.824261290504041,10
size,mkl,float,EPYC,15000,15000,15000,64,64,spread,default,,3.9129569779999995,0.4510604868779498,1744.0885609000002,183.63552324059265,10
size,mkl,float,EPYC,15500,15500,15500,64,64,close,default,,4.1067879322,0.49917229069282126,1835.7368995000002,203.11233317846822,10
size,mkl,float,EPYC,15500,15500,15500,64,64,spread,default,,4.4131913313,0.4885165133272596,1706.813888,192.8788676485767,10
size,mkl,float,EPYC,16000,16000,16000,64,64,close,default,,5.3463313567999995,0.01320501323080553,1532.2740717000001,3.7795018213258382,10
size,mkl,float,EPYC,16000,16000,16000,64,64,spread,default,,4.9015299727,0.5499626780141854,1691.3406386,198.31950469678534,10
size,mkl,float,EPYC,16500,16500,16500,64,64,close,default,,4.5904712848,0.5195984971721581,1976.7612442999998,192.56869569872097,10
size,mkl,float,EPYC,16500,16500,16500,64,64,spread,default,,5.3330989024,0.5725285627917303,1704.7848549999999,208.95738580179145,10
size,mkl,float,EPYC,17000,17000,17000,64,64,close,default,,5.7166024494,0.6895767031072946,1744.2300295,233.76838992692237,10
size,mkl,float,EPYC,17000,17000,17000,64,64,spread,default,,5.0587475997,0.38667301360369544,1951.0677712000002,126.44977062349386,10
size,mkl,float,EPYC,17500,17500,17500,64,64,close,default,,5.8984734013999995,0.6469032690817507,1838.5232413,216.22821828414246,10
size,mkl,float,EPYC,17500,17500,17500,64,64,spread,default,,6.3060555612,0.36742819961126294,1705.8150946,115.60879355967137,10
size,mkl,float,EPYC,18000,18000,18000,64,64,close,default,,5.419138616,0.025191137282475278,2152.4133361,9.978449129673251,10
size,mkl,float,EPYC,18000,18000,18000,64,64,spread,default,,5.7114594902,0.11003503143788472,2042.9200921,40.95486203592114,10
size,mkl,float,EPYC,18500,18500,18500,64,64,close,default,,7.2921135899000005,0.09070321081483533,1736.8157718999998,22.14798868352555,10
size,mkl,float,EPYC,18500,18500,18500,64,64,spread,default,,7.3207800318,0.02410913427251589,1729.7847601999997,5.702437381983569,10
size,mkl,float,EPYC,19000,19000,19000,64,64,close,default,,6.3134922558,0.04931180804227976,2172.9249148999997,16.77875223038501,10
size,mkl,float,EPYC,19000,19000,19000,64,64,spread,default,,6.6513443263,0.7054653439550868,2080.9151795999996,193.65852838103308,10
size,mkl,float,EPYC,19500,19500,19500,64,64,close,default,,7.7464587293,0.8262257050843043,1935.0564349,215.29625229823392,10
size,mkl,float,EPYC,19500,19500,19500,64,64,spread,default,,7.337796044699999,0.6703165433417715,2035.3988371,175.20043076221395,10
size,mkl,float,EPYC,20000,20000,20000,64,64,close,default,,8.2222017926,0.9103782653342815,1968.5941211000002,227.2635101444721,10
size,mkl,float,EPYC,20000,20000,20000,64,64,spread,default,,8.9690912669,0.023352171166918876,1783.9151523,4.654052629383021,10
size,mkl,float,THIN,2000,2000,2000,12,12,close,default,,0.0232931127,0.0024219774318693507,693.5511415,71.36528497362227,10
size,mkl,float,THIN,2000,2000,2000,12,12,spread,default,,0.0221773418,0.001636180010129611,725.0560523,54.35220707421657,10
size,mkl,float,THIN,2500,2500,2500,12,12,close,default,,0.0387511518,0.004662810230251871,818.0214615,107.77066806240153,10
size,mkl,float,THIN,2500,2500,2500,12,12,spread,default,,0.0396375562,0.0021723752532135984,790.4799518,42.37380845577882,10
size,mkl,float,THIN,3000,3000,3000,12,12,close,default,,0.0576948315,0.005227146694686248,943.6573280999999,94.67515821798841,10
size,mkl,float,THIN,3000,3000,3000,12,12,spread,default,,0.055718597800000005,0.006547252828484372,982.0637522000001,122.2939765586951,10
size,mkl,float,THIN,3500,3500,3500,12,12,close,default,,0.0809579949,0.005742363725345018,1064.0545568,76.30694818763872,10
size,mkl,float,THIN,3500,3500,3500,12,12,spread,default,,0.0803995215,0.0040307577935027525,1069.068296,55.939885803527126,10
size,mkl,float,THIN,4000,4000,4000,12,12,close,default,,0.10588783809999999,0.00418211348718355,1210.533058,48.03144496333362,10
size,mkl,float,THIN,4000,4000,4000,12,12,spread,default,,0.1050959856,0.007992495510424143,1224.2230233,92.23398675433674,10
size,mkl,float,THIN,4500,4500,4500,12,12,close,default,,0.137909474,0.005089300383583103,1323.1927909,50.43720913087626,10
size,mkl,float,THIN,4500,4500,4500,12,12,spread,default,,0.14097910470000002,0.007970944942507496,1296.4109543999998,72.25794078427207,10
size,mkl,float,THIN,5000,5000,5000,12,12,close,default,,0.1920455349,0.011935653760746078,1306.3153109,81.26070608492633,10
size,mkl,float,THIN,5000,5000,5000,12,12,spread,default,,0.1918010628,0.013915389695357983,1309.7094277,96.15821517996963,10
size,mkl,float,THIN,5500,5500,5500,12,12,close,default,,0.2510244294,0.006455868790605324,1326.4108024,36.405897866730555,10
size,mkl,float,THIN,5500,5500,5500,12,12,spread,default,,0.24491059399999998,0.012630170865376072,1362.0857885,73.84518857070789,10
size,mkl,float,THIN,6000,6000,6000,12,12,close,default,,0.3173207971,0.001344389785616139,1361.420534,5.825893677303384,10
size,mkl,float,THIN,6000,6000,6000,12,12,spread,default,,0.3144092938,0.009726408414350263,1375.2891033,46.115890803825444,10
size,mkl,float,THIN,6500,6500,6500,12,12,close,default,,0.3788372066,0.0009412425512281532,1449.8392352,3.595589903983767,10
size,mkl,float,THIN,6500,6500,6500,12,12,spread,default,,0.3785145951,0.0006662155822343786,1451.0709571,2.561339435140158,10
size,mkl,float,THIN,7000,7000,7000,12,12,close,default,,0.46445034830000004,0.00026794279991531375,1477.01516,0.8522324717558784,10
size,mkl,float,THIN,7000,7000,7000,12,12,spread,default,,0.4638780726,0.00047914343582717504,1478.8382972,1.5282709132087706,10
size,mkl,float,THIN,7500,7500,7500,12,12,close,default,,0.5578672458,0.0006547670207209134,1512.4584791000002,1.775163442483938,10
size,mkl,float,THIN,7500,7500,7500,12,12,spread,default,,0.5573067997,0.0005934783404601815,1513.9791252999999,1.6120904074027125,10
size,mkl,float,THIN,8000,8000,8000,12,12,close,default,,0.6666201988,0.0012753107801994038,1536.1121239,2.935677965670056,10
size,mkl,float,THIN,8000,8000,8000,12,12,spread,default,,0.6656771260000001,0.0008405679396742466,1538.2854987,1.942644112951539,10
size,mkl,float,THIN,8500,8500,8500,12,12,close,default,,0.7970973455,0.0016212042523142227,1540.9091243999999,3.13389822722866,10
size,mkl,float,THIN,8500,8500,8500,12,12,spread,default,,0.7954864536999999,0.0009799318763795244,1544.0258869,1.9017941349945255,10
size,mkl,float,THIN,9000,9000,9000,12,12,close,default,,0.9336903028,0.0010110922387264578,1561.5472659,1.6918461695729397,10
size,mkl,float,THIN,9000,9000,9000,12,12,spread,default,,0.9324836155,0.0011513279522816142,1563.5684926,1.9311067487198368,10
size,mkl,float,THIN,9500,9500,9500,12,12,close,default,,1.0970932867,0.0014890746738197432,1562.9963811,2.116846567099538,10
size,mkl,float,THIN,9500,9500,9500,12,12,spread,default,,1.0949526954,0.0007789716135353532,1566.0501032,1.1147622532632524,10
size,mkl,float,THIN,10000,10000,10000,12,12,close,default,,1.2788140178999998,0.0025034466508700648,1563.9544673,3.0607066704102945,10
size,mkl,float,THIN,10000,10000,10000,12,12,spread,default,,1.2779322857,0.0023741566331117805,1565.0330116,2.9080242427466687,10
size,mkl,float,THIN,10500,10500,10500,12,12,close,default,,1.4596566694,0.0016584042766533845,1586.1625134,1.803332308702306,10
size,mkl,float,THIN,10500,10500,10500,12,12,spread,default,,1.4570797716,0.0019447925806187992,1588.968401,2.1222448242795378,10
size,mkl,float,THIN,11000,11000,11000,12,12,close,default,,1.6781437357000002,0.004217467421256038,1586.2855105,3.976178491285877,10
size,mkl,float,THIN,11000,11000,11000,12,12,spread,default,,1.6746151978000001,0.002394451547280816,1589.6218420999999,2.271744000892227,10
size,mkl,float,THIN,11500,11500,11500,12,12,close,default,,1.9098786529999998,0.002388282628476626,1592.6426942,1.9928135084129242,10
size,mkl,float,THIN,11500,11500,11500,12,12,spread,default,,1.9093155450000001,0.0026031796292568183,1593.1128287,2.1719818257161836,10
size,mkl,float,THIN,12000,12000,12000,12,12,close,default,,2.1802558019000005,0.003475429214911153,1585.1387241,2.525653520668971,10
size,mkl,float,THIN,12000,12000,12000,12,12,spread,default,,2.1852898732,0.004726669525345011,1581.4902103,3.418302829372982,10
size,mkl,float,THIN,12500,12500,12500,12,12,close,default,,2.4486152459,0.0036285263640925035,1595.2925697,2.3603718568572267,10
size,mkl,float,THIN,12500,12500,12500,12,12,spread,default,,2.4493974432999996,0.0023217183340318755,1594.7812686,1.5132472562754602,10
size,mkl,float,THIN,13000,13000,13000,12,12,close,default,,2.7461351589,0.0028818375155623363,1600.0684955000002,1.6782544102083963,10
size,mkl,float,THIN,13000,13000,13000,12,12,spread,default,,2.7466521029999997,0.0029420048534340567,1599.7674176,1.7153152711672686,10
size,mkl,float,THIN,13500,13500,13500,12,12,close,default,,3.0802155951,0.007122732137430274,1597.5419349,3.6786412823870447,10
size,mkl,float,THIN,13500,13500,13500,12,12,spread,default,,3.0782627315999997,0.0025387323681221323,1598.5487412999998,1.3195797056582463,10
size,mkl,float,THIN,14000,14000,14000,12,12,close,default,,3.4059489715,0.0031117019279204307,1611.2995741,1.4736955859825305,10
size,mkl,float,THIN,14000,14000,14000,12,12,spread,default,,3.4036831715,0.001500720970250689,1612.3712705,0.7108168659282639,10
size,mkl,float,THIN,14500,14500,14500,12,12,close,default,,3.7809844476000003,0.0032575189075020974,1612.6101969,1.3898304250993196,10
size,mkl,float,THIN,14500,14500,14500,12,12,spread,default,,3.7797956861000004,0.002669706834240318,1613.1170164999999,1.1400984280356654,10
size,mkl,float,THIN,15000,15000,15000,12,12,close,default,,4.2278734035,0.012655323156642516,1596.5601601,4.762064378496896,10
size,mkl,float,THIN,15000,15000,15000,12,12,spread,default,,4.219491095,0.0049052901561576255,1599.7209295,1.8612045916090727,10
size,mkl,float,THIN,15500,15500,15500,12,12,close,default,,4.5768538329999995,0.0021436934982212766,1627.2644361999999,0.76252834271136,10
size,mkl,float,THIN,15500,15500,15500,12,12,spread,default,,4.574007532,0.0016032936521821503,1628.2769041,0.5707520955432385,10
size,mkl,float,THIN,16000,16000,16000,12,12,close,default,,5.0712471357,0.004577002323761352,1615.3829186,1.456508276145331,10
size,mkl,float,THIN,16000,16000,16000,12,12,spread,default,,5.067203968199999,0.00730339505629065,1616.6736868,2.330906623015213,10
size,mkl,float,THIN,16500,16500,16500,12,12,close,default,,5.5752912393,0.004983436830215249,1611.4416407,1.440858851856938,10
size,mkl,float,THIN,16500,16500,16500,12,12,spread,default,,5.5683772979,0.008684634892161779,1613.4448508,2.517555251273079,10
size,mkl,float,THIN,17000,17000,17000,12,12,close,default,,6.0759527585,0.01990603266938623,1617.2104554,5.265144185423699,10
size,mkl,float,THIN,17000,17000,17000,12,12,spread,default,,6.0771342609,0.013342641249583165,1616.8875401,3.552969418954528,10
size,mkl,float,THIN,17500,17500,17500,12,12,close,default,,6.6114518446,0.013150699590886517,1621.2457269000001,3.2150060284277555,10
size,mkl,float,THIN,17500,17500,17500,12,12,spread,default,,6.6120736466,0.006056721763688004,1621.0887343,1.4856884205956549,10
size,mkl,float,THIN,18000,18000,18000,12,12,close,default,,7.1829420944999995,0.005575631011729299,1623.8480243,1.2611402058252614,10
size,mkl,float,THIN,18000,18000,18000,12,12,spread,default,,7.193687646399999,0.019642201500321154,1621.4323847,4.418805964442,10
size,mkl,float,THIN,18500,18500,18500,12,12,close,default,,7.8638762597,0.036081764738858574,1610.3368132,7.373313598757497,10
size,mkl,float,THIN,18500,18500,18500,12,12,spread,default,,7.8533952892,0.010763165673325968,1612.4581754,2.213212554261318,10
size,mkl,float,THIN,19000,19000,19000,12,12,close,default,,8.451325322299999,0.0257949316971185,1623.1909228,4.934180358304986,10
size,mkl,float,THIN,19000,19000,19000,12,12,spread,default,,8.4573199627,0.04136337150612138,1622.0615432,7.88325881409884,10
size,mkl,float,THIN,19500,19500,19500,12,12,close,default,,9.1111229312,0.02992096396332466,1627.6691773,5.3461725064159085,10
size,mkl,float,THIN,19500,19500,19500,12,12,spread,default,,9.0982696081,0.03247224865055551,1629.9714572,5.809119276335562,10
size,mkl,float,THIN,20000,20000,20000,12,12,close,default,,9.909343603,0.015967878890045167,1614.6415032,2.6059133270595063,10
size,mkl,float,THIN,20000,20000,20000,12,12,spread,default,,9.9245015234,0.011028344687314558,1612.1734410000001,1.7902113700773492,10
size,openblas,double,EPYC,2000,2000,2000,64,64,close,default,,0.035491344200000004,0.000999654338618528,451.14196599999997,12.935457036164722,10
size,openblas,double,EPYC,2000,2000,2000,64,64,spread,default,,0.0353042877,0.0007544684063857352,453.3941866,9.956536058273805,10
size,openblas,double,EPYC,2500,2500,2500,64,64,close,default,,0.0482513653,0.00036147157653743035,647.6827135999999,4.842143193411367,10
size,openblas,double,EPYC,2500,2500,2500,64,64,spread,default,,0.048277335399999996,0.00039123258727945693,647.3397687,5.223265110197299,10
size,openblas,double,EPYC,3000,3000,3000,64,64,close,default,,0.0773516877,0.000610044923470586,698.1493176,5.515202423876114,10
size,openblas,double,EPYC,3000,3000,3000,64,64,spread,default,,0.07685970119999999,0.0008359788593776734,702.6535009,7.62726393953804,10
size,openblas,double,EPYC,3500,3500,3500,64,64,close,default,,0.092655512,0.0008933285101627255,925.5482948000001,8.894956866209125,10
size,openblas,double,EPYC,3500,3500,3500,64,64,spread,default,,0.0924238059,0.0012517555199811215,927.9443773999999,12.56193079559705,10
size,openblas,double,EPYC,4000,4000,4000,64,64,close,default,,0.14556066480000002,0.0017078019620125678,879.4670418,10.284757748807637,10
size,openblas,double,EPYC,4000,4000,4000,64,64,spread,default,,0.1438267109,0.0029581497905110787,890.3038604999999,18.58944726236624,10
size,openblas,double,EPYC,4500,4500,4500,64,64,close,default,,0.1972340448,0.0019999008143967664,924.1141454000001,9.318103129115768,10
size,openblas,double,EPYC,4500,4500,4500,64,64,spread,default,,0.19784195259999998,0.0018799850966384538,921.2645925,8.739048110421889,10
size,openblas,double,EPYC,5000,5000,5000,64,64,close,default,,0.3095068747,0.004325350142606283,807.8778628,11.240932410357559,10
size,openblas,double,EPYC,5000,5000,5000,64,64,spread,default,,0.3063455835,0.007012134543850929,816.4543725999999,18.576219105127187,10
size,openblas,double,EPYC,5500,5500,5500,64,64,close,default,,0.42536786050000003,0.0038990784441430924,782.3233566,7.184920483566663,10
size,openblas,double,EPYC,5500,5500,5500,64,64,spread,default,,0.4227096004,0.003859920081243175,787.2422684999999,7.157874402436818,10
size,openblas,double,EPYC,6000,6000,6000,64,64,close,default,,0.5678338749,0.0028701389893577007,760.8033333999999,3.8345141212346796,10
size,openblas,double,EPYC,6000,6000,6000,64,64,spread,default,,0.5660590735,0.004135392674775233,763.2077203,5.549850470384555,10
size,openblas,double,EPYC,6500,6500,6500,64,64,close,default,,0.7099457076,0.0028878373046704706,773.6621754,3.132168498275868,10
size,openblas,double,EPYC,6500,6500,6500,64,64,spread,default,,0.7129953049,0.004329023736873719,770.3672767,4.684622050948386,10
size,openblas,double,EPYC,7000,7000,7000,64,64,close,default,,0.8977013013,0.004881707535162117,764.1943161,4.149819403926719,10
size,openblas,double,EPYC,7000,7000,7000,64,64,spread,default,,0.8984941913,0.0034495853499010984,763.5097657,2.9277086829023453,10
size,openblas,double,EPYC,7500,7500,7500,64,64,close,default,,1.0891958333,0.004469645880289549,774.6658319000001,3.1810641045766896,10
size,openblas,double,EPYC,7500,7500,7500,64,64,spread,default,,1.0900270786,0.00393674568499907,774.0724062,2.7895454673580087,10
size,openblas,double,EPYC,8000,8000,8000,64,64,close,default,,1.3081056821,0.004868735906415507,782.8211279,2.913306863416204,10
size,openblas,double,EPYC,8000,8000,8000,64,64,spread,default,,1.3101225752999999,0.003847015937293784,781.6123146,2.292827021143084,10
size,openblas,double,EPYC,8500,8500,8500,64,64,close,default,,1.6129654459,0.0030606784545063577,761.4880917,1.4446500217644498,10
size,openblas,double,EPYC,8500,8500,8500,64,64,spread,default,,1.6119457525,0.0021293658974781654,761.9685255,1.006120100413707,10
size,openblas,double,EPYC,9000,9000,9000,64,64,close,default,,1.9059931217,0.005569062571675953,764.9614124,2.2326417244277343,10
size,openblas,double,EPYC,9000,9000,9000,64,64,spread,default,,1.9056703735,0.0034960432420781855,765.0874115,1.4026463728182161,10
size,openblas,double,EPYC,9500,9500,9500,64,64,close,default,,2.1017584757,0.07681992168968836,816.8465632,29.85632425398081,10
size,openblas,double,EPYC,9500,9500,9500,64,64,spread,default,,2.0944341518000003,0.08580516118986865,819.9558578,33.58491380933535,10
size,openblas,double,EPYC,10000,10000,10000,64,64,close,default,,2.4634265375,0.004281841065748666,811.8794696,1.4092016425103246,10
size,openblas,double,EPYC,10000,10000,10000,64,64,spread,default,,2.4648378522,0.006092188119123402,811.4168585,2.003772037542581,10
size,openblas,double,EPYC,10500,10500,10500,64,64,close,default,,2.6457041949,0.09425549372263473,876.0987831,31.218335854267234,10
size,openblas,double,EPYC,10500,10500,10500,64,64,spread,default,,2.7100821673,0.06943295567824621,854.8497527,23.41317330942068,10
size,openblas,double,EPYC,11000,11000,11000,64,64,close,default,,3.0843503669,0.005148203581139306,863.0688367999999,1.4424041212009786,10
size,openblas,double,EPYC,11000,11000,11000,64,64,spread,default,,3.0831712553,0.010658288790304038,863.4059912999999,2.974680813194757,10
size,openblas,double,EPYC,11500,11500,11500,64,64,close,default,,3.4422594931,0.004904389135200814,883.6508578,1.258210557736736,10
size,openblas,double,EPYC,11500,11500,11500,64,64,spread,default,,3.4363108779999996,0.0061744257519519554,885.1815047,1.5895703303083133,10
size,openblas,double,EPYC,12000,12000,12000,64,64,close,default,,3.8480664668999998,0.0763288351724956,898.4405361000001,18.325886068392666,10
size,openblas,double,EPYC,12000,12000,12000,64,64,spread,default,,3.4924972447,0.27251064178557727,994.6755029,72.99450508038147,10
size,openblas,double,EPYC,12500,12500,12500,64,64,close,default,,4.0649459102000005,0.3047957503102261,965.9935641,74.5916445370646,10
size,openblas,double,EPYC,12500,12500,12500,64,64,spread,default,,4.246661209,0.19554861633439524,921.8308643,48.03281229201897,10
size,openblas,double,EPYC,13000,13000,13000,64,64,close,default,,4.7873926373,0.008214620032272696,917.8298021,1.5739819634653092,10
size,openblas,double,EPYC,13000,13000,13000,64,64,spread,default,,4.7849832147999996,0.0075717034656399805,918.2915995,1.4512800461103632,10
size,openblas,double,EPYC,13500,13500,13500,64,64,close,default,,5.2099498181,0.009636544450990695,944.4937731,1.7480506645351883,10
size,openblas,double,EPYC,13500,13500,13500,64,64,spread,default,,5.2085569309,0.011365625672931767,944.7474796,2.056219198667227,10
size,openblas,double,EPYC,14000,14000,14000,64,64,close,default,,5.7606390815,0.009899748783146482,952.6746009000001,1.631799829288126,10
size,openblas,double,EPYC,14000,14000,14000,64,64,spread,default,,5.770764038699999,0.012398638766922848,951.0045389000001,2.042705171511529,10
size,openblas,double,EPYC,14500,14500,14500,64,64,close,default,,6.2409855985,0.010362344340037662,976.9715074,1.6198839553440658,10
size,openblas,double,EPYC,14500,14500,14500,64,64,spread,default,,6.2360139499,0.0067345056359055504,977.7489997,1.056240214304403,10
size,openblas,double,EPYC,15000,15000,15000,64,64,close,default,,6.7812164502000005,0.012947378226778595,995.3998908,1.8977226463453407,10
size,openblas,double,EPYC,15000,15000,15000,64,64,spread,default,,6.782339158899999,0.013290781640724062,995.235297,1.9501380873207161,10
size,openblas,double,EPYC,15500,15500,15500,64,64,close,default,,7.2901835230000005,0.008008553521002732,1021.6146226000001,1.1220483910173968,10
size,openblas,double,EPYC,15500,15500,15500,64,64,spread,default,,7.3017940928,0.00867864597213322,1019.9903439,1.2121898127459145,10
size,openblas,double,EPYC,16000,16000,16000,64,64,close,default,,7.9113156523,0.006741417828514432,1035.4795224,0.8823453273810923,10
size,openblas,double,EPYC,16000,16000,16000,64,64,spread,default,,7.9184151636,0.012172715244739549,1034.5526532,1.5897669161501533,10
size,openblas,double,EPYC,16500,16500,16500,64,64,close,default,,8.6350504548,0.017197811697721364,1040.4434896999999,2.069389411771213,10
size,openblas,double,EPYC,16500,16500,16500,64,64,spread,default,,8.6557619489,0.007226575811972167,1037.950869,0.8665197310683974,10
size,openblas,double,EPYC,17000,17000,17000,64,64,close,default,,9.3409951214,0.012809837894232864,1051.9239644,1.4416324328107324,10
size,openblas,double,EPYC,17000,17000,17000,64,64,spread,default,,9.500960159,0.490986101844416,1036.4144259,47.370077651532334,10
size,openblas,double,EPYC,17500,17500,17500,64,64,close,default,,11.1931010118,0.027247449899531852,957.626225,2.3271273434875934,10
size,openblas,double,EPYC,17500,17500,17500,64,64,spread,default,,11.1876664688,0.019164084332981453,958.0888276,1.637900030119205,10
size,openblas,double,EPYC,18000,18000,18000,64,64,close,default,,11.8298357831,0.043322558533488445,985.9934687000001,3.6116664037268573,10
size,openblas,double,EPYC,18000,18000,18000,64,64,spread,default,,11.7962685819,0.04003232272734248,988.7975024,3.355946035757492,10
size,openblas,double,EPYC,18500,18500,18500,64,64,close,default,,14.498093065,0.1007567808753692,873.4802069,6.035875507795249,10
size,openblas,double,EPYC,18500,18500,18500,64,64,spread,default,,14.5680624538,0.059543191770994645,869.2605138000001,3.5726742376373815,10
size,openblas,double,EPYC,19000,19000,19000,64,64,close,default,,15.6930549023,0.10250135271005341,874.1780719000001,5.685383837372462,10
size,openblas,double,EPYC,19000,19000,19000,64,64,spread,default,,15.7896475949,0.06822220440058535,868.8116521,3.7429858954626765,10
size,openblas,double,EPYC,19500,19500,19500,64,64,close,default,,16.8749105604,0.09608288092730592,878.8304496000001,5.033136056964837,10
size,openblas,double,EPYC,19500,19500,19500,64,64,spread,default,,16.6584086961,0.2561307593026221,890.416864,13.787185852992147,10
size,openblas,double,EPYC,20000,20000,20000,64,64,close,default,,18.0829594818,0.4583730396123173,885.3568944000001,23.93327230393872,10
size,openblas,double,EPYC,20000,20000,20000,64,64,spread,default,,18.1531185043,0.3945720453488876,881.7872615,20.244032535193917,10
size,openblas,double,THIN,2000,2000,2000,12,12,close,default,,0.0446561242,0.0009013683313142192,358.4227947,7.117002848919838,10
size,openblas,double,THIN,2000,2000,2000,12,12,spread,default,,0.045066876,0.0006824224521005214,355.1015334,5.400730937635162,10
size,openblas,double,THIN,2500,2500,2500,12,12,close,default,,0.0738550866,0.0008810799883350469,423.18031460000003,5.068353252133671,10
size,openblas,double,THIN,2500,2500,2500,12,12,spread,default,,0.074159665,0.0008660412903519328,421.4403163,4.968893972974266,10
size,openblas,double,THIN,3000,3000,3000,12,12,close,default,,0.1074153946,0.0006165156682565499,502.7360774,2.873061698611283,10
size,openblas,double,THIN,3000,3000,3000,12,12,spread,default,,0.10707343360000002,0.0003639394720320022,504.3320246,1.7143954259643885,10
size,openblas,double,THIN,3500,3500,3500,12,12,close,default,,0.1529575044,0.0008979147636559875,560.6305873,3.286060398872852,10
size,openblas,double,THIN,3500,3500,3500,12,12,spread,default,,0.1520889664,0.0009856439628591557,563.8358036,3.6125943155122657,10
size,openblas,double,THIN,4000,4000,4000,12,12,close,default,,0.2021319686,0.0006332813752996179,633.2552442,1.9811375007973533,10
size,openblas,double,THIN,4000,4000,4000,12,12,spread,default,,0.2007534852,0.0009165729227723849,637.6098203,2.9016698677251127,10
size,openblas,double,THIN,4500,4500,4500,12,12,close,default,,0.2729003649,0.0023909976191031678,667.8722282,5.843771701563207,10
size,openblas,double,THIN,4500,4500,4500,12,12,spread,default,,0.27081099129999997,0.0015334837811459103,672.9978978,3.7880173203213667,10
size,openblas,double,THIN,5000,5000,5000,12,12,close,default,,0.36218576960000004,0.0030436996943645775,690.2973358,5.794204443144132,10
size,openblas,double,THIN,5000,5000,5000,12,12,spread,default,,0.3600752693,0.0016647635430739876,694.3126099,3.2037239536749778,10
size,openblas,double,THIN,5500,5500,5500,12,12,close,default,,0.47414285180000004,0.002136344439317364,701.8054964,3.1515382547978987,10
size,openblas,double,THIN,5500,5500,5500,12,12,spread,default,,0.4711141163,0.004057011532612586,706.3507947,5.9789754427134065,10
size,openblas,double,THIN,6000,6000,6000,12,12,close,default,,0.5909226916,0.004741085420701529,731.1022145,5.833064286717243,10
size,openblas,double,THIN,6000,6000,6000,12,12,spread,default,,0.5865951138,0.0035174330449169264,736.4773658,4.430167552998474,10
size,openblas,double,THIN,6500,6500,6500,12,12,close,default,,0.741087883,0.005676492485243303,741.1788083,5.604985971311137,10
size,openblas,double,THIN,6500,6500,6500,12,12,spread,default,,0.7347156819,0.005572517847617098,747.6066885,5.654406333852658,10
size,openblas,double,THIN,7000,7000,7000,12,12,close,default,,0.9210001602,0.0055360141663287595,744.8667532,4.495651187328407,10
size,openblas,double,THIN,7000,7000,7000,12,12,spread,default,,0.9158387217999999,0.007692266838975034,749.0876446,6.27936908231189,10
size,openblas,double,THIN,7500,7500,7500,12,12,close,default,,1.1438996643,0.011832671666871979,737.6792521,7.610709299463794,10
size,openblas,double,THIN,7500,7500,7500,12,12,spread,default,,1.1408652074999999,0.008882001940483652,739.6105742,5.751057010776427,10
size,openblas,double,THIN,8000,8000,8000,12,12,close,default,,1.3539071536,0.014439713364798618,756.4058193,7.945377862993373,10
size,openblas,double,THIN,8000,8000,8000,12,12,spread,default,,1.3478537575,0.0064084860285876215,759.7417485,3.601228923584794,10
size,openblas,double,THIN,8500,8500,8500,12,12,close,default,,1.6152456185,0.011704735309593145,760.4465917,5.508393026697424,10
size,openblas,double,THIN,8500,8500,8500,12,12,spread,default,,1.6137691208,0.006938882071110834,761.1190673,3.2743617746895706,10
size,openblas,double,THIN,9000,9000,9000,12,12,close,default,,1.9223649512,0.02355986761544487,758.5430126,9.268186163412032,10
size,openblas,double,THIN,9000,9000,9000,12,12,spread,default,,1.9123624832000001,0.012962026830057989,762.4392458,5.161309705028101,10
size,openblas,double,THIN,9500,9500,9500,12,12,close,default,,2.2529294312,0.025849014637157778,761.2109708,8.795092693164959,10
size,openblas,double,THIN,9500,9500,9500,12,12,spread,default,,2.2294014443999997,0.012249192673477627,769.1736167,4.242695836626075,10
size,openblas,double,THIN,10000,10000,10000,12,12,close,default,,2.6253165696,0.03530393385918933,761.9363726,10.20360545209894,10
size,openblas,double,THIN,10000,10000,10000,12,12,spread,default,,2.5931873505,0.00951366064929909,771.2609678,2.824672551899577,10
size,openblas,double,THIN,10500,10500,10500,12,12,close,default,,3.0334334058,0.023335420080642457,763.2845758,5.853378143008087,10
size,openblas,double,THIN,10500,10500,10500,12,12,spread,default,,3.0153690715,0.02372525192882567,767.8590844,6.0196588322519515,10
size,openblas,double,THIN,11000,11000,11000,12,12,close,default,,3.4744269345,0.019417044707441992,766.1910656,4.28476623240543,10
size,openblas,double,THIN,11000,11000,11000,12,12,spread,default,,3.4614167668999998,0.02180279409565301,769.0768153,4.861034087904201,10
size,openblas,double,THIN,11500,11500,11500,12,12,close,default,,3.8867162442,0.0408183716383852,782.6787646,8.17392022240884,10
size,openblas,double,THIN,11500,11500,11500,12,12,spread,default,,3.8827119946,0.04124708190434467,783.4879423,8.297852086190533,10
size,openblas,double,THIN,12000,12000,12000,12,12,close,default,,4.4431991097,0.05810559682729425,777.9355502000001,9.993436932948773,10
size,openblas,double,THIN,12000,12000,12000,12,12,spread,default,,4.4072006256,0.05857761695399109,784.2924202,10.13041910414921,10
size,openblas,double,THIN,12500,12500,12500,12,12,close,default,,5.0660010082,0.06527906268134519,771.1859574,9.85269292817296,10
size,openblas,double,THIN,12500,12500,12500,12,12,spread,default,,5.0388989574,0.03730785289831605,775.2572031,5.73951141642872,10
size,openblas,double,THIN,13000,13000,13000,12,12,close,default,,5.758431664,0.0956870892095497,763.2423725,12.530597855994325,10
size,openblas,double,THIN,13000,13000,13000,12,12,spread,default,,5.7077344507,0.04490798556909454,769.8754009,6.0457065383821345,10
size,openblas,double,THIN,13500,13500,13500,12,12,close,default,,6.3284969538,0.09035125920814313,777.6927189999999,10.773558513779788,10
size,openblas,double,THIN,13500,13500,13500,12,12,spread,default,,6.3247152423,0.05811970578347686,778.0777733,7.080478384149615,10
size,openblas,double,THIN,14000,14000,14000,12,12,close,default,,7.137842861299999,0.12488929364055486,769.0669113,13.1581201581591,10
size,openblas,double,THIN,14000,14000,14000,12,12,spread,default,,7.0482578681,0.05616973735888642,778.6763729,6.169469915721523,10
size,openblas,double,THIN,14500,14500,14500,12,12,close,default,,7.923576520199999,0.18802366927295533,769.8854372,17.706738136227987,10
size,openblas,double,THIN,14500,14500,14500,12,12,spread,default,,7.882666241999999,0.041174516844631436,773.519991,4.045726793836573,10
size,openblas,double,THIN,15000,15000,15000,12,12,close,default,,8.690533978400001,0.028973958796954895,776.7149154,2.583281787944611,10
size,openblas,double,THIN,15000,15000,15000,12,12,spread,default,,8.7189986586,0.04645322966162144,774.1911518,4.104904202798186,10
size,openblas,double,THIN,15500,15500,15500,12,12,close,default,,9.4829596666,0.06181781134686694,785.4121238,5.059607653405032,10
size,openblas,double,THIN,15500,15500,15500,12,12,spread,default,,9.553364719000001,0.12456945234576662,779.7126470000001,10.07316918018245,10
size,openblas,double,THIN,16000,16000,16000,12,12,close,default,,10.4411253484,0.04512829250294767,784.6029225999999,3.384503104662404,10
size,openblas,double,THIN,16000,16000,16000,12,12,spread,default,,10.4509278153,0.06847009067445282,783.8839072,5.09768995228608,10
size,openblas,double,THIN,16500,16500,16500,12,12,close,default,,11.7096452106,0.2631424809732591,767.5959270999999,17.00374832962743,10
size,openblas,double,THIN,16500,16500,16500,12,12,spread,default,,11.5723588637,0.1460414462327709,776.4645498,9.711329132772638,10
size,openblas,double,THIN,17000,17000,17000,12,12,close,default,,12.5606426131,0.19446222087534895,782.4501057,11.863961731309054,10
size,openblas,double,THIN,17000,17000,17000,12,12,spread,default,,12.530902358399999,0.07934788784248435,784.1696276,4.943628595163117,10
size,openblas,double,THIN,17500,17500,17500,12,12,close,default,,13.686807022900002,0.1580958283195517,783.2375067,8.93019379556532,10
size,openblas,double,THIN,17500,17500,17500,12,12,spread,default,,13.6487948883,0.09318826121923147,785.3584479,5.322284674142133,10
size,openblas,double,THIN,18000,18000,18000,12,12,close,default,,15.053702467499999,0.3431894705520252,775.1778055,17.15040132183749,10
size,openblas,double,THIN,18000,18000,18000,12,12,spread,default,,14.8273203685,0.04534272772759091,786.6625796000001,2.4037128366732032,10
size,openblas,double,THIN,18500,18500,18500,12,12,close,default,,16.3327227001,0.20036538825924302,775.4328104,9.311714014188562,10
size,openblas,double,THIN,18500,18500,18500,12,12,spread,default,,16.3290501667,0.2075062125055794,775.6149974,9.672433471776754,10
size,openblas,double,THIN,19000,19000,19000,12,12,close,default,,17.388623233,0.163212986518473,788.968797,7.360367533925959,10
size,openblas,double,THIN,19000,19000,19000,12,12,spread,default,,17.5596702259,0.4693446140385402,781.699027,19.837428992692796,10
size,openblas,double,THIN,19500,19500,19500,12,12,close,default,,18.9180897561,0.2087588163001558,783.9773002,8.531827771701304,10
size,openblas,double,THIN,19500,19500,19500,12,12,spread,default,,19.106405133499997,0.48874078097974794,776.6061386,19.106733891303534,10
size,openblas,double,THIN,20000,20000,20000,12,12,close,default,,20.6005408633,0.35433657368262095,776.8823357,13.159753322641526,10
size,openblas,double,THIN,20000,20000,20000,12,12,spread,default,,20.573343110000003,0.4972901801172583,778.0961533,17.96632288182685,10
size,openblas,float,EPYC,2000,2000,2000,64,64,close,default,,0.017155140800000003,0.0003277556738750515,932.9707902,17.78579618484177,10
size,openblas,float,EPYC,2000,2000,2000,64,64,spread,default,,0.0167636558,0.00035965589420160367,954.828882,19.84776034436412,10
size,openblas,float,EPYC,2500,2500,2500,64,64,close,default,,0.0236153029,0.0007133434283909431,1324.3723314,39.66364902500622,10
size,openblas,float,EPYC,2500,2500,2500,64,64,spread,default,,0.023224848200000002,0.00033073475634371006,1345.7843409,18.940487124814105,10
size,openblas,float,EPYC,3000,3000,3000,64,64,close,default,,0.0314299946,0.0004342442903280229,1718.3967122999998,23.541270541112787,10
size,openblas,float,EPYC,3000,3000,3000,64,64,spread,default,,0.0313087617,0.0004758515173905619,1725.1205237999998,26.594492593605448,10
size,openblas,float,EPYC,3500,3500,3500,64,64,close,default,,0.04468857,0.00035956500666469034,1918.9455045999998,15.236453896118478,10
size,openblas,float,EPYC,3500,3500,3500,64,64,spread,default,,0.0441912972,0.0005092410551525127,1940.6577187999999,22.21719170195882,10
size,openblas,float,EPYC,4000,4000,4000,64,64,close,default,,0.0634795965,0.0006448613670150332,2016.5825032,20.40788536572218,10
size,openblas,float,EPYC,4000,4000,4000,64,64,spread,default,,0.06297599649999999,0.0006611331183432572,2032.7218306999998,21.315881677869292,10
size,openblas,float,EPYC,4500,4500,4500,64,64,close,default,,0.0780744834,0.0006337113219727807,2334.4463294,18.74632109470884,10
size,openblas,float,EPYC,4500,4500,4500,64,64,spread,default,,0.07801957,0.0004606594993137576,2336.0255977,13.77906668823028,10
size,openblas,float,EPYC,5000,5000,5000,64,64,close,default,,0.10106461419999999,0.0006218088911895675,2473.7492872,15.219802526544052,10
size,openblas,float,EPYC,5000,5000,5000,64,64,spread,default,,0.10219256830000001,0.0008486784627939046,2446.5137634,20.326187213630188,10
size,openblas,float,EPYC,5500,5500,5500,64,64,close,default,,0.12703330610000002,0.001235998631550624,2619.6137932,25.352479949870737,10
size,openblas,float,EPYC,5500,5500,5500,64,64,spread,default,,0.12885922860000001,0.001929983543100432,2582.7973381,38.734732442211914,10
size,openblas,float,EPYC,6000,6000,6000,64,64,close,default,,0.1569027166,0.0012272160794006956,2753.4491549,21.415212636882565,10
size,openblas,float,EPYC,6000,6000,6000,64,64,spread,default,,0.1576346059,0.0033199371812652465,2741.5985293000003,57.18391324577035,10
size,openblas,float,EPYC,6500,6500,6500,64,64,close,default,,0.21301302240000003,0.003586739769673478,2579.1330766,43.048042804753884,10
size,openblas,float,EPYC,6500,6500,6500,64,64,spread,default,,0.2204687624,0.00601348240925268,2492.9453442,67.75795334024583,10
size,openblas,float,EPYC,7000,7000,7000,64,64,close,default,,0.3000224718,0.004251706115557957,2286.9155932000003,32.95012312269069,10
size,openblas,float,EPYC,7000,7000,7000,64,64,spread,default,,0.3004318456,0.004464732369858105,2283.8274786,33.47614615608278,10
size,openblas,float,EPYC,7500,7500,7500,64,64,close,default,,0.4066328113,0.010896708860846687,2076.2822296,54.51641285481763,10
size,openblas,float,EPYC,7500,7500,7500,64,64,spread,default,,0.402215211,0.007433636092659056,2098.3957105,38.37212915362266,10
size,openblas,float,EPYC,8000,8000,8000,64,64,close,default,,0.5109767407,0.009360718134138387,2004.5871079,35.303086275626285,10
size,openblas,float,EPYC,8000,8000,8000,64,64,spread,default,,0.5089288672000001,0.006993026220428889,2012.4057446,27.232370741897732,10
size,openblas,float,EPYC,8500,8500,8500,64,64,close,default,,0.6144002845000001,0.007190620853397162,1999.3497364999998,23.341552754798055,10
size,openblas,float,EPYC,8500,8500,8500,64,64,spread,default,,0.60907369,0.004543736951826041,2016.6882745999999,15.105226490558623,10
size,openblas,float,EPYC,9000,9000,9000,64,64,close,default,,0.7477332866,0.007054538285080639,1950.0488013999998,18.334058116334006,10
size,openblas,float,EPYC,9000,9000,9000,64,64,spread,default,,0.7459809604000001,0.0048816888699871105,1954.5487506000002,12.781502803502358,10
size,openblas,float,EPYC,9500,9500,9500,64,64,close,default,,0.8694016789000001,0.009691213000709418,1972.5539336999998,21.98000344863311,10
size,openblas,float,EPYC,9500,9500,9500,64,64,spread,default,,0.8622479145999999,0.007080671023337948,1988.8177210000001,16.309746411147973,10
size,openblas,float,EPYC,10000,10000,10000,64,64,close,default,,1.0444974212,0.010590081553802916,1914.9733098000002,19.377378279228,10
size,openblas,float,EPYC,10000,10000,10000,64,64,spread,default,,1.0372140009000002,0.010944662004669224,1928.4350356,20.287150599431055,10
size,openblas,float,EPYC,10500,10500,10500,64,64,close,default,,1.1716098211000001,0.009167682326252176,1976.2361136,15.469806415355345,10
size,openblas,float,EPYC,10500,10500,10500,64,64,spread,default,,1.1666273679999999,0.007309244798417619,1984.6363990000002,12.334693637346849,10
size,openblas,float,EPYC,11000,11000,11000,64,64,close,default,,1.3629827429,0.004719912196548923,1953.0905464,6.758694812198308,10
size,openblas,float,EPYC,11000,11000,11000,64,64,spread,default,,1.3667035083,0.005022769687686823,1947.775991,7.140928543698585,10
size,openblas,float,EPYC,11500,11500,11500,64,64,close,default,,1.5216097442,0.005758450709628731,1999.0600760000002,7.581386090991725,10
size,openblas,float,EPYC,11500,11500,11500,64,64,spread,default,,1.5177442854999998,0.005771600287624659,2004.1514214,7.578783296434934,10
size,openblas,float,EPYC,12000,12000,12000,64,64,close,default,,1.7629604155999998,0.004633429642936895,1960.3511651000001,5.156907357394053,10
size,openblas,float,EPYC,12000,12000,12000,64,64,spread,default,,1.7649117870000002,0.0032006545640585393,1958.1773162999998,3.55018882237552,10
size,openblas,float,EPYC,12500,12500,12500,64,64,close,default,,1.9569664689,0.007937458617461306,1996.1035605000002,8.082160499265735,10
size,openblas,float,EPYC,12500,12500,12500,64,64,spread,default,,1.9554300481999998,0.00845803820550645,1997.6757516000002,8.56408110960938,10
size,openblas,float,EPYC,13000,13000,13000,64,64,close,default,,2.1534749391999997,0.05569556291505432,2041.6132401999998,51.13334722272515,10
size,openblas,float,EPYC,13000,13000,13000,64,64,spread,default,,2.1733189362000003,0.060411701076651766,2023.1686058999999,55.00661603131791,10
size,openblas,float,EPYC,13500,13500,13500,64,64,close,default,,2.385354111,0.06048595448113378,2064.1216076,53.4747169065597,10
size,openblas,float,EPYC,13500,13500,13500,64,64,spread,default,,2.4145763476999997,0.043144378074141045,2038.547733,38.09370267511783,10
size,openblas,float,EPYC,14000,14000,14000,64,64,close,default,,2.6797365442,0.00649023472355573,2047.9732912,4.942476378759764,10
size,openblas,float,EPYC,14000,14000,14000,64,64,spread,default,,2.6925836297,0.005736788852829093,2038.1994393,4.347054256696241,10
size,openblas,float,EPYC,14500,14500,14500,64,64,close,default,,2.8942608204,0.007968836094696707,2106.6835357,5.802912363003142,10
size,openblas,float,EPYC,14500,14500,14500,64,64,spread,default,,2.902150007,0.00923237978819232,2100.9614685,6.660257127171616,10
size,openblas,float,EPYC,15000,15000,15000,64,64,close,default,,2.9598096724999996,0.1497770512940219,2285.4867568,108.37191372953787,10
size,openblas,float,EPYC,15000,15000,15000,64,64,spread,default,,3.038357247,0.1385720960673744,2225.6767204,99.45519279920208,10
size,openblas,float,EPYC,15500,15500,15500,64,64,close,default,,3.5153743677000002,0.004675815238011048,2118.6255179,2.8136052134506837,10
size,openblas,float,EPYC,15500,15500,15500,64,64,spread,default,,3.528558868,0.010359840580133402,2110.7222308,6.182583109809615,10
size,openblas,float,EPYC,16000,16000,16000,64,64,close,default,,3.4326737336999997,0.18958781573066943,2392.5073718,121.35025887652601,10
size,openblas,float,EPYC,16000,16000,16000,64,64,spread,default,,3.57421674,0.24298253848339327,2301.2871478,152.3343764795235,10
size,openblas,float,EPYC,16500,16500,16500,64,64,close,default,,4.107497695299999,0.008193229847333908,2187.2884256,4.362263559241753,10
size,openblas,float,EPYC,16500,16500,16500,64,64,spread,default,,4.122449027,0.012772167891462766,2179.3666028,6.7622619803853015,10
size,openblas,float,EPYC,17000,17000,17000,64,64,close,default,,4.4166248304,0.2100568189229825,2229.8115053,117.75617857061941,10
size,openblas,float,EPYC,17000,17000,17000,64,64,spread,default,,4.2841143268,0.2890880745528883,2303.5003077,163.24736986978888,10
size,openblas,float,EPYC,17500,17500,17500,64,64,close,default,,4.785142829,0.013955751469397376,2240.023439,6.536270973965544,10
size,openblas,float,EPYC,17500,17500,17500,64,64,spread,default,,4.8018228812,0.00850120661197959,2232.2314951,3.9563424983769093,10
size,openblas,float,EPYC,18000,18000,18000,64,64,close,default,,5.287056763000001,0.060491949289472574,2206.4096559,25.956021336483325,10
size,openblas,float,EPYC,18000,18000,18000,64,64,spread,default,,5.3316510841,0.012086798121650904,2187.7001735,4.964280955215088,10
size,openblas,float,EPYC,18500,18500,18500,64,64,close,default,,5.1236416237,0.41643308478697993,2486.3239933,202.21172524647255,10
size,openblas,float,EPYC,18500,18500,18500,64,64,spread,default,,5.3069187951000005,0.37362828313710533,2397.532272,179.20331342982539,10
size,openblas,float,EPYC,19000,19000,19000,64,64,close,default,,6.1092486265999995,0.013194104286548646,2245.4574236,4.857424604968426,10
size,openblas,float,EPYC,19000,19000,19000,64,64,spread,default,,6.1225307954,0.01602043699614105,2240.5905322000003,5.862860416468631,10
size,openblas,float,EPYC,19500,19500,19500,64,64,close,default,,5.6890573403,0.3337229198756362,2614.5502033000002,148.46577071234935,10
size,openblas,float,EPYC,19500,19500,19500,64,64,spread,default,,5.833019069800001,0.37786748086769034,2551.8027892,161.74817187685292,10
size,openblas,float,EPYC,20000,20000,20000,64,64,close,default,,6.756294066300001,0.32520596337568813,2373.7962811,130.0589766920969,10
size,openblas,float,EPYC,20000,20000,20000,64,64,spread,default,,6.8830167441,0.012045035094375848,2324.5685292000003,4.068938917879217,10
size,openblas,float,THIN,2000,2000,2000,12,12,close,default,,0.024087581099999998,0.001291609557908138,665.9906090000001,36.25675177325663,10
size,openblas,float,THIN,2000,2000,2000,12,12,spread,default,,0.023353243899999997,0.0011827768179587148,686.7262797999999,35.10689330697142,10
size,openblas,float,THIN,2500,2500,2500,12,12,close,default,,0.0423172711,0.001055025305638101,738.8820914,18.41583440549174,10
size,openblas,float,THIN,2500,2500,2500,12,12,spread,default,,0.042745821899999994,0.0012185470428722758,731.6216768,21.693823125279838,10
size,openblas,float,THIN,3000,3000,3000,12,12,close,default,,0.06545598150000001,0.0016537380139151623,825.4548695,20.80531490485889,10
size,openblas,float,THIN,3000,3000,3000,12,12,spread,default,,0.0651335452,0.0013232091618480507,829.3767333,17.005251178986363,10
size,openblas,float,THIN,3500,3500,3500,12,12,close,default,,0.0903909739,0.0010315763633643915,948.7676951999999,10.810238336724902,10
size,openblas,float,THIN,3500,3500,3500,12,12,spread,default,,0.0905844627,0.0013063145900142172,946.8108761,13.91268602895357,10
size,openblas,float,THIN,4000,4000,4000,12,12,close,default,,0.1184081223,0.001030460385454433,1081.0813475999998,9.502608979864215,10
size,openblas,float,THIN,4000,4000,4000,12,12,spread,default,,0.1182045284,0.0006593748959869638,1082.8992473,6.057711316582157,10
size,openblas,float,THIN,4500,4500,4500,12,12,close,default,,0.1545377353,0.0006466334512528078,1179.3422606,4.952360685972336,10
size,openblas,float,THIN,4500,4500,4500,12,12,spread,default,,0.15461551950000002,0.0007782552898640635,1178.7572053,5.935913560386964,10
size,openblas,float,THIN,5000,5000,5000,12,12,close,default,,0.19729478490000002,0.00047064931954019044,1267.145919,3.025395766941828,10
size,openblas,float,THIN,5000,5000,5000,12,12,spread,default,,0.1969193447,0.00027653568966010713,1269.5575653,1.7831959520001408,10
size,openblas,float,THIN,5500,5500,5500,12,12,close,default,,0.25186691250000004,0.001378498874600622,1321.1693944,7.138436897729137,10
size,openblas,float,THIN,5500,5500,5500,12,12,spread,default,,0.2510183146,0.0004876848003115565,1325.605,2.581191304420241,10
size,openblas,float,THIN,6000,6000,6000,12,12,close,default,,0.3155110429,0.001177776357379581,1369.2243635,5.100873172770061,10
size,openblas,float,THIN,6000,6000,6000,12,12,spread,default,,0.31610813909999996,0.0017248699040567051,1366.6574841,7.442832290179499,10
size,openblas,float,THIN,6500,6500,6500,12,12,close,default,,0.3907118275,0.001459378304749738,1405.7851852,5.252509439919456,10
size,openblas,float,THIN,6500,6500,6500,12,12,spread,default,,0.38950077949999995,0.0013667761006197687,1410.1539357,4.924207474419684,10
size,openblas,float,THIN,7000,7000,7000,12,12,close,default,,0.4827129364,0.0011757351101728496,1421.1420665,3.4587835806347447,10
size,openblas,float,THIN,7000,7000,7000,12,12,spread,default,,0.48303495339999997,0.001980470251458711,1420.2085167,5.809383866063299,10
size,openblas,float,THIN,7500,7500,7500,12,12,close,default,,0.5698198798,0.001934081697989843,1480.7464433999999,5.032829936716942,10
size,openblas,float,THIN,7500,7500,7500,12,12,spread,default,,0.5702353932,0.002193381528651777,1479.6717644,5.678959761422204,10
size,openblas,float,THIN,8000,8000,8000,12,12,close,default,,0.6828115465,0.002392088287429663,1499.6982761,5.248397822135976,10
size,openblas,float,THIN,8000,8000,8000,12,12,spread,default,,0.6804814584,0.0023460954440638142,1504.8328964,5.154649693355191,10
size,openblas,float,THIN,8500,8500,8500,12,12,close,default,,0.8174470315000001,0.002474872538269716,1502.5561686,4.525322003378728,10
size,openblas,float,THIN,8500,8500,8500,12,12,spread,default,,0.8166697987999999,0.00376473276435554,1504.0024572,6.901545257946539,10
size,openblas,float,THIN,9000,9000,9000,12,12,close,default,,0.9490697566999999,0.0016088858046524426,1536.2451069,2.603358400434303,10
size,openblas,float,THIN,9000,9000,9000,12,12,spread,default,,0.9482824933,0.001676053862119293,1537.5208312,2.70963021237342,10
size,openblas,float,THIN,9500,9500,9500,12,12,close,default,,1.1374567688000001,0.005884034694138691,1507.5660455000002,7.780668417976779,10
size,openblas,float,THIN,9500,9500,9500,12,12,spread,default,,1.13214252,0.0044919254388355746,1514.6276008,6.013027528260335,10
size,openblas,float,THIN,10000,10000,10000,12,12,close,default,,1.3232461827,0.004610328830395246,1511.4510822,5.27194778105886,10
size,openblas,float,THIN,10000,10000,10000,12,12,spread,default,,1.3255008930999999,0.002952203667205184,1508.870308,3.365022795943363,10
size,openblas,float,THIN,10500,10500,10500,12,12,close,default,,1.5224916772000001,0.0038817099455526545,1520.7068518,3.871498531359457,10
size,openblas,float,THIN,10500,10500,10500,12,12,spread,default,,1.5182396444,0.004288050770690963,1524.9678249,4.303473619146417,10
size,openblas,float,THIN,11000,11000,11000,12,12,close,default,,1.7598619829,0.005971204080588881,1512.6342640999999,5.123848720750688,10
size,openblas,float,THIN,11000,11000,11000,12,12,spread,default,,1.7598441862,0.00834443980720331,1512.6642617,7.111511608934235,10
size,openblas,float,THIN,11500,11500,11500,12,12,close,default,,1.9482927580999998,0.0049735548348961425,1561.2478128999999,3.978280757057093,10
size,openblas,float,THIN,11500,11500,11500,12,12,spread,default,,1.9447077654,0.0038167376647897733,1564.1221816,3.0720080811683728,10
size,openblas,float,THIN,12000,12000,12000,12,12,close,default,,2.2351516774,0.01372482549126984,1546.2561705,9.477928750101105,10
size,openblas,float,THIN,12000,12000,12000,12,12,spread,default,,2.2367623685,0.016951340170220788,1545.1700417,11.680700138902356,10
size,openblas,float,THIN,12500,12500,12500,12,12,close,default,,2.5051748657,0.012459504703234724,1559.3070794999999,7.7499403187089,10
size,openblas,float,THIN,12500,12500,12500,12,12,spread,default,,2.4968052517,0.0031681691579166006,1564.5015399,1.985459088919427,10
size,openblas,float,THIN,13000,13000,13000,12,12,close,default,,2.8086141422,0.009303178385393457,1564.4880437,5.16491759112691,10
size,openblas,float,THIN,13000,13000,13000,12,12,spread,default,,2.8064851849,0.00997534668994549,1565.6771847,5.5495653378332905,10
size,openblas,float,THIN,13500,13500,13500,12,12,close,default,,3.1432143422,0.006409567386941269,1565.5211100000001,3.1907893619713503,10
size,openblas,float,THIN,13500,13500,13500,12,12,spread,default,,3.1518399637,0.01423680734393036,1561.2594427,7.016700255613977,10
size,openblas,float,THIN,14000,14000,14000,12,12,close,default,,3.5003895135999996,0.005908568088723047,1567.8295354,2.644933219984532,10
size,openblas,float,THIN,14000,14000,14000,12,12,spread,default,,3.5091846831,0.01698500494878037,1563.9287757,7.516846774341155,10
size,openblas,float,THIN,14500,14500,14500,12,12,close,default,,3.9006495516,0.011015958037139853,1563.1482932000001,4.4066069566683375,10
size,openblas,float,THIN,14500,14500,14500,12,12,spread,default,,3.8938248184999997,0.0073929658486821355,1565.881887,2.968983250146641,10
size,openblas,float,THIN,15000,15000,15000,12,12,close,default,,4.3097443509,0.02001221515773458,1566.2483364,7.213422351667054,10
size,openblas,float,THIN,15000,15000,15000,12,12,spread,default,,4.3168996746,0.011083313108242029,1563.6314340000001,4.012852413140775,10
size,openblas,float,THIN,15500,15500,15500,12,12,close,default,,4.6829246820999995,0.014948745174195891,1590.4202046999999,5.056623547960286,10
size,openblas,float,THIN,15500,15500,15500,12,12,spread,default,,4.6779377025,0.008043851057782861,1592.1053836,2.7350644337322225,10
size,openblas,float,THIN,16000,16000,16000,12,12,close,default,,5.2209957929,0.028327397046927893,1569.0909274,8.516813652779037,10
size,openblas,float,THIN,16000,16000,16000,12,12,spread,default,,5.2348650089,0.03144280435566444,1564.9431876,9.41167961482871,10
size,openblas,float,THIN,16500,16500,16500,12,12,close,default,,5.6949613271,0.00881415185122977,1577.5821582,2.4432236394086706,10
size,openblas,float,THIN,16500,16500,16500,12,12,spread,default,,5.6877096573,0.00947729420599539,1579.5940586000002,2.6240287154278743,10
size,openblas,float,THIN,17000,17000,17000,12,12,close,default,,6.2340613217,0.05196096686381515,1576.2779878,13.12198884732608,10
size,openblas,float,THIN,17000,17000,17000,12,12,spread,default,,6.2034494068,0.04030664505941301,1584.0174348,10.25520550908098,10
size,openblas,float,THIN,17500,17500,17500,12,12,close,default,,6.7321917277,0.010381239949692072,1592.1669196,2.457935071986925,10
size,openblas,float,THIN,17500,17500,17500,12,12,spread,default,,6.7382859361000005,0.02368702000065216,1590.7412041,5.585986560051277,10
size,openblas,float,THIN,18000,18000,18000,12,12,close,default,,7.3754981676,0.01923376536049417,1581.4621643,4.118668688503927,10
size,openblas,float,THIN,18000,18000,18000,12,12,spread,default,,7.364132790899999,0.03932066204893371,1583.9336677,8.416942983290033,10
size,openblas,float,THIN,18500,18500,18500,12,12,close,default,,8.0464708939,0.028204854340240983,1573.7819079,5.527596315132121,10
size,openblas,float,THIN,18500,18500,18500,12,12,spread,default,,8.0433666895,0.03883300420309571,1574.4048669,7.6013891369552296,10
size,openblas,float,THIN,19000,19000,19000,12,12,close,default,,8.5830850091,0.03475955357071217,1598.2833155,6.443239964291527,10
size,openblas,float,THIN,19000,19000,19000,12,12,spread,default,,8.5724109279,0.018180915393861116,1600.2564089,3.3934538389488376,10
size,openblas,float,THIN,19500,19500,19500,12,12,close,default,,9.309065156299999,0.033266667502272675,1593.0621922,5.669613993640536,10
size,openblas,float,THIN,19500,19500,19500,12,12,spread,default,,9.310878470199999,0.044299513462430634,1592.7659449999999,7.528248696097557,10
size,openblas,float,THIN,20000,20000,20000,12,12,close,default,,10.155987017300001,0.06405511041589991,1575.4815420999998,9.888965712434464,10
size,openblas,float,THIN,20000,20000,20000,12,12,spread,default,,10.1080398825,0.01893711240792455,1582.9033900999998,2.9687797496619797,10
