experiment,library,precision,architecture,m,k,n,cores,threads,affinity,memory_policy,numa_nodes,avg_time_s,std_time_s,avg_gflops,std_gflops,repetitions
core,blis,double,EPYC,10000,10000,10000,1,1,close,default,,41.5541107014,0.1616549684271124,48.1306711,0.18718852899473098,10
core,blis,double,EPYC,10000,10000,10000,1,1,spread,default,,41.6853737151,0.17143183402904774,47.979187100000004,0.1966885563724494,10
core,blis,double,EPYC,10000,10000,10000,2,2,close,default,,21.6261831755,0.1330282069799412,92.4836466,0.570312987038252,10
core,blis,double,EPYC,10000,10000,10000,2,2,spread,default,,21.5840254083,0.06481628227847847,92.6618734,0.27822764359631275,10
core,blis,double,EPYC,10000,10000,10000,3,3,close,default,,14.8664073294,0.057149518414611404,134.53328430000002,0.5172428986080403,10
core,blis,double,EPYC,10000,10000,10000,3,3,spread,default,,14.887395236700002,0.057537635248907176,134.3436443,0.5200413974523945,10
core,blis,double,EPYC,10000,10000,10000,4,4,close,default,,11.7602065533,0.050493501090449214,170.0678616,0.7301464746006994,10
core,blis,double,EPYC,10000,10000,10000,4,4,spread,default,,11.6970944124,0.019579060683978966,170.9830643,0.2863124838785007,10
core,blis,double,EPYC,10000,10000,10000,5,5,close,default,,9.491953281399999,0.06347253116915552,210.7132005,1.3979432365573674,10
core,blis,double,EPYC,10000,10000,10000,5,5,spread,default,,9.441269004899999,0.017273667291717816,211.8365683,0.3877202790796055,10
core,blis,double,EPYC,10000,10000,10000,6,6,close,default,,8.0227353588,0.021047067692061043,249.2930797,0.6548632737880944,10
core,blis,double,EPYC,10000,10000,10000,6,6,spread,default,,8.0285922097,0.03699265824494966,249.1143849,1.1356988929566583,10
core,blis,double,EPYC,10000,10000,10000,7,7,close,default,,6.4502218640999995,0.05903289163766671,310.0900628,2.8178492939596373,10
core,blis,double,EPYC,10000,10000,10000,7,7,spread,default,,6.4477198814,0.03328525493370583,310.1945741,1.5930835951932576,10
core,blis,double,EPYC,10000,10000,10000,8,8,close,default,,5.7843030489,0.031158163948598484,345.77238619999997,1.86390477883243,10
core,blis,double,EPYC,10000,10000,10000,8,8,spread,default,,5.7736181626,0.027312347824082667,346.4101874,1.6333804323841974,10
core,blis,double,EPYC,10000,10000,10000,9,9,close,default,,5.5243905845,0.04382144708363831,362.0511511,2.8391513211089676,10
core,blis,double,EPYC,10000,10000,10000,9,9,spread,default,,5.5209312161,0.03561222058831774,362.2711573,2.313264374737854,10
core,blis,double,EPYC,10000,10000,10000,10,10,close,default,,5.0486925025,0.013492857942244158,396.1447114,1.0568952231918702,10
core,blis,double,EPYC,10000,10000,10000,10,10,spread,default,,5.042573191200001,0.015745031949640186,396.6263682,1.2343573922523157,10
core,blis,double,EPYC,10000,10000,10000,11,11,close,default,,3.9994740354,0.0073211792086716595,500.0672641,0.9165082195824025,10
core,blis,double,EPYC,10000,10000,10000,11,11,spread,default,,4.0196129942,0.019385427575892126,497.57071160000004,2.390004068875674,10
core,blis,double,EPYC,10000,10000,10000,12,12,close,default,,3.9299668848,0.02547217463313839,508.92941989999997,3.305036659443075,10
core,blis,double,EPYC,10000,10000,10000,12,12,spread,default,,3.9309896981000003,0.021006104376654698,508.7908122,2.7210089663831427,10
core,blis,double,EPYC,10000,10000,10000,13,13,close,default,,3.9263700933,0.03489430377075078,509.4124332,4.513668838376952,10
core,blis,double,EPYC,10000,10000,10000,13,13,spread,default,,4.344194766999999,0.028272213320164136,460.4019474,2.976312655132379,10
core,blis,double,EPYC,10000,10000,10000,14,14,close,default,,3.7826031871,0.03572597893120146,528.7780207,4.896259905337612,10
core,blis,double,EPYC,10000,10000,10000,14,14,spread,default,,3.7628012165999998,0.00856758704262974,531.5213881,1.2094594835332644,10
core,blis,double,EPYC,10000,10000,10000,15,15,close,default,,3.6250908726,0.014375475786611861,551.7181313,2.1921690127447717,10
core,blis,double,EPYC,10000,10000,10000,15,15,spread,default,,3.6206617447,0.010642611184693887,552.3894933,1.6188381177912026,10
core,blis,double,EPYC,10000,10000,10000,16,16,close,default,,2.9214127497,0.038174624799682304,684.7043238,8.846907348960354,10
core,blis,double,EPYC,10000,10000,10000,16,16,spread,default,,2.9274276735,0.014805785091691925,683.2094002,3.4600426094006695,10
core,blis,double,EPYC,10000,10000,10000,17,17,close,default,,2.9009526378,0.013726173664671945,689.4426093,3.266838948355653,10
core,blis,double,EPYC,10000,10000,10000,17,17,spread,default,,3.2447073486999995,0.009924640155169176,616.3935898,1.8819880069820079,10
core,blis,double,EPYC,10000,10000,10000,18,18,close,default,,3.0377039463999997,0.008123062588657762,658.396248,1.7618727742842406,10
core,blis,double,EPYC,10000,10000,10000,18,18,spread,default,,3.0376943669,0.011229469101812347,658.4021682,2.429897481132806,10
core,blis,double,EPYC,10000,10000,10000,19,19,close,default,,3.0394327508,0.019295826141694908,658.0415488,4.205615977488906,10
core,blis,double,EPYC,10000,10000,10000,19,19,spread,default,,3.1709929624,0.03673232104380275,630.7918497,7.154986703491315,10
core,blis,double,EPYC,10000,10000,10000,20,20,close,default,,2.4493300945,0.014621815996169005,816.5759274,4.862978191915334,10
core,blis,double,EPYC,10000,10000,10000,20,20,spread,default,,2.4593428161,0.013343768146138734,813.2468626,4.399057080708113,10
core,blis,double,EPYC,10000,10000,10000,21,21,close,default,,2.834803193,0.019638169197424053,705.5472883,4.9623821005583135,10
core,blis,double,EPYC,10000,10000,10000,21,21,spread,default,,2.8265968900000003,0.018109964099238228,707.5911011000001,4.589697222471921,10
core,blis,double,EPYC,10000,10000,10000,22,22,close,default,,2.7365441647,0.014551575640689571,730.8675132999999,3.9117123407303676,10
core,blis,double,EPYC,10000,10000,10000,22,22,spread,default,,2.7584057929,0.03231956273186044,725.1448553,8.380985518143062,10
core,blis,double,EPYC,10000,10000,10000,23,23,close,default,,2.7338999470000003,0.01061866730774645,731.5656179,2.8465412217421626,10
core,blis,double,EPYC,10000,10000,10000,23,23,spread,default,,2.6138884626,0.011180026147611152,765.1562421,3.2869764949679174,10
core,blis,double,EPYC,10000,10000,10000,24,24,close,default,,2.4572677886000003,0.017827680248498252,813.9507502,5.918501680954776,10
core,blis,double,EPYC,10000,10000,10000,24,24,spread,default,,2.4546913031999997,0.008489254371551241,814.7751572,2.813018318815603,10
core,blis,double,EPYC,10000,10000,10000,25,25,close,default,,2.3622450103999997,0.032661438437912464,846.7971944000001,11.65074845982795,10
core,blis,double,EPYC,10000,10000,10000,25,25,spread,default,,2.3687706667,0.008336718747043677,844.3292235000001,2.971813380047603,10
core,blis,double,EPYC,10000,10000,10000,26,26,close,default,,2.5830566544,0.005128480823604155,774.2792192,1.5359042878300686,10
core,blis,double,EPYC,10000,10000,10000,26,26,spread,default,,2.5863968938,0.007552357896874755,773.2824532,2.2560809799659993,10
core,blis,double,EPYC,10000,10000,10000,27,27,close,default,,2.2699366692000003,0.01218548964636056,881.1046491000001,4.71902265073897,10
core,blis,double,EPYC,10000,10000,10000,27,27,spread,default,,2.2542893218,0.015521268873243614,887.2353512,6.0976946894792095,10
core,blis,double,EPYC,10000,10000,10000,28,28,close,default,,2.2211988715,0.01345991467471731,900.4442869000001,5.4346260917553275,10
core,blis,double,EPYC,10000,10000,10000,28,28,spread,default,,2.2127439487,0.006993930524319934,903.8632734999999,2.857864990280884,10
core,blis,double,EPYC,10000,10000,10000,29,29,close,default,,2.2158933182,0.015626312298856956,902.6108877999999,6.359350831664148,10
core,blis,double,EPYC,10000,10000,10000,29,29,spread,default,,2.2442194352000002,0.011358522752756017,891.1990213000001,4.515980707364722,10
core,blis,double,EPYC,10000,10000,10000,30,30,close,default,,2.1931206438,0.01900412967141385,912.0033731,7.801227154097787,10
core,blis,double,EPYC,10000,10000,10000,30,30,spread,default,,2.2015636082,0.014649516007354296,908.4815114999999,6.055315013746143,10
core,blis,double,EPYC,10000,10000,10000,31,31,close,default,,2.2097826808,0.03148892792921017,905.2282664,12.624761763640661,10
core,blis,double,EPYC,10000,10000,10000,31,31,spread,default,,2.2415131243,0.022553724886550136,892.3352546,8.927049606094073,10
core,blis,double,EPYC,10000,10000,10000,32,32,close,default,,2.2548883757,0.0035793180695016446,886.9638768000001,1.4079750024341118,10
core,blis,double,EPYC,10000,10000,10000,32,32,spread,default,,2.248571312,0.010177095245574445,889.4700538000001,4.022770231867848,10
core,blis,double,EPYC,10000,10000,10000,33,33,close,default,,2.3109296685,0.016483640828417273,865.4921065000001,6.160339095168306,10
core,blis,double,EPYC,10000,10000,10000,33,33,spread,default,,2.3081373849,0.019193303692284978,866.5537628,7.244396683565923,10
core,blis,double,EPYC,10000,10000,10000,34,34,close,default,,2.3109853959,0.02130345202577416,865.4970829,7.8821617809227895,10
core,blis,double,EPYC,10000,10000,10000,34,34,spread,default,,2.3094609907,0.00797480884080722,866.0122222,2.9878275484121035,10
core,blis,double,EPYC,10000,10000,10000,35,35,close,default,,2.2131921016,0.02868598021337966,903.8100494,11.824916739221877,10
core,blis,double,EPYC,10000,10000,10000,35,35,spread,default,,2.2356294877,0.03383731084620191,894.7877114999999,13.588260952779393,10
core,blis,double,EPYC,10000,10000,10000,36,36,close,default,,2.1696850222000004,0.004434307884624735,921.7962504,1.8838612565663266,10
core,blis,double,EPYC,10000,10000,10000,36,36,spread,default,,2.1644468277,0.005919431838661233,924.0298405999999,2.5259606535802264,10
core,blis,double,EPYC,10000,10000,10000,37,37,close,default,,2.1626154876,0.0046521691441568525,924.8099595,1.9922545640112974,10
core,blis,double,EPYC,10000,10000,10000,37,37,spread,default,,2.1878234017000002,0.013543172972404972,914.1819855,5.639698944196193,10
core,blis,double,EPYC,10000,10000,10000,38,38,close,default,,2.1804520481000003,0.006998163390783953,917.2494778,2.9377402468855283,10
core,blis,double,EPYC,10000,10000,10000,38,38,spread,default,,2.1783264581,0.004182305345594249,918.1390701,1.7610887399112887,10
core,blis,double,EPYC,10000,10000,10000,39,39,close,default,,2.3879306438,0.003289514253547754,837.5466920000001,1.1522315207092717,10
core,blis,double,EPYC,10000,10000,10000,39,39,spread,default,,2.3922148797,0.00801535765792154,836.0537452000001,2.8014795844925713,10
core,blis,double,EPYC,10000,10000,10000,40,40,close,default,,2.2467453186,0.009063038028834097,890.1895639,3.58422244890086,10
core,blis,double,EPYC,10000,10000,10000,40,40,spread,default,,2.2782366540999996,0.011443600603045934,877.8918785,4.41360910795328,10
core,blis,double,EPYC,10000,10000,10000,41,41,close,default,,2.2435253148000003,0.011370649256312005,891.4746369000001,4.486789938832738,10
core,blis,double,EPYC,10000,10000,10000,41,41,spread,default,,2.2528071372,0.011357904112394011,887.8015800999999,4.474271716982602,10
core,blis,double,EPYC,10000,10000,10000,42,42,close,default,,2.2018657152,0.003832930102777852,908.323083,1.5813606320223874,10
core,blis,double,EPYC,10000,10000,10000,42,42,spread,default,,2.212641545,0.021861797390484747,903.9757776,8.862400568260114,10
core,blis,double,EPYC,10000,10000,10000,43,43,close,default,,2.2015780518,0.003747510633233913,908.4416609,1.5482930185842227,10
core,blis,double,EPYC,10000,10000,10000,43,43,spread,default,,2.2109364962,0.005537519753917552,904.5991553,2.2647113915972255,10
core,blis,double,EPYC,10000,10000,10000,44,44,close,default,,2.3868550876,0.008118160481644003,837.9313973000001,2.8494401656156123,10
core,blis,double,EPYC,10000,10000,10000,44,44,spread,default,,2.3882048589,0.011962862336972583,837.4680271,4.1993201562990174,10
core,blis,double,EPYC,10000,10000,10000,45,45,close,default,,2.43629909,0.014867491256559852,820.9449748999999,5.044302286157081,10
core,blis,double,EPYC,10000,10000,10000,45,45,spread,default,,2.4479934114999997,0.010442593888208741,817.0090585,3.489163313720227,10
core,blis,double,EPYC,10000,10000,10000,46,46,close,default,,2.0728865864,0.024872225652328796,964.9630518,11.568980274078813,10
core,blis,double,EPYC,10000,10000,10000,46,46,spread,default,,2.1055373336,0.005310798243686765,949.8817296,2.39434524458123,10
core,blis,double,EPYC,10000,10000,10000,47,47,close,default,,2.0956998078,0.015741446025167076,954.3838867000001,7.20911792337713,10
core,blis,double,EPYC,10000,10000,10000,47,47,spread,default,,2.0728459477,0.00348609758513183,964.8594917999999,1.6214506685708727,10
core,blis,double,EPYC,10000,10000,10000,48,48,close,default,,2.1675563018000004,0.003592274298179572,922.7003419,1.5281511304934152,10
core,blis,double,EPYC,10000,10000,10000,48,48,spread,default,,2.1621848884999997,0.014063877186668692,925.0252869,5.980550217008396,10
core,blis,double,EPYC,10000,10000,10000,49,49,close,default,,2.2221754431000003,0.007532191787015136,900.0282150999999,3.038462020472817,10
core,blis,double,EPYC,10000,10000,10000,49,49,spread,default,,2.2264920074,0.009707821436890264,898.2893978,3.91039423533532,10
core,blis,double,EPYC,10000,10000,10000,50,50,close,default,,2.3437029931,0.0034260246679624277,853.3520912,1.2486793394957179,10
core,blis,double,EPYC,10000,10000,10000,50,50,spread,default,,2.3479129752,0.01103927362403258,851.8372686999999,4.003512956337222,10
core,blis,double,EPYC,10000,10000,10000,51,51,close,default,,2.1994935766,0.009459067915475744,909.3154165,3.925431354699325,10
core,blis,double,EPYC,10000,10000,10000,51,51,spread,default,,2.1546425785,0.04036292427264103,928.5175372,17.162086604941035,10
core,blis,double,EPYC,10000,10000,10000,52,52,close,default,,2.5064208865,0.005480094520714186,797.9540092999999,1.742734832364099,10
core,blis,double,EPYC,10000,10000,10000,52,52,spread,default,,2.5034233111999997,0.008267388613441392,798.9139011999999,2.645483702246673,10
core,blis,double,EPYC,10000,10000,10000,53,53,close,default,,2.5053115363,0.0032895015917386535,798.3051511,1.0486857529600702,10
core,blis,double,EPYC,10000,10000,10000,53,53,spread,default,,2.4830784143,0.00861959978691032,805.4605509,2.7981924933058844,10
core,blis,double,EPYC,10000,10000,10000,54,54,close,default,,2.2546630884,0.019895349585429004,887.1124887,7.806948131629346,10
core,blis,double,EPYC,10000,10000,10000,54,54,spread,default,,2.2763937197,0.01346046209065506,878.6103064000001,5.199118624863967,10
core,blis,double,EPYC,10000,10000,10000,55,55,close,default,,2.2651410575,0.01866794097042246,883.0007211,7.2132657489806,10
core,blis,double,EPYC,10000,10000,10000,55,55,spread,default,,2.3176274706,0.044085253050478,863.2279004,16.15235321946422,10
core,blis,double,EPYC,10000,10000,10000,56,56,close,default,,2.3707196392,0.010924218129067992,843.6417742,3.877530518006929,10
core,blis,double,EPYC,10000,10000,10000,56,56,spread,default,,2.4060661507,0.018737366388745007,831.2777002,6.4718935842312035,10
core,blis,double,EPYC,10000,10000,10000,57,57,close,default,,2.1351614071,0.01402137750120246,936.7335772,6.1321784394469985,10
core,blis,double,EPYC,10000,10000,10000,57,57,spread,default,,2.1598553695,0.011567179248603612,926.0117098999999,4.933981769177659,10
core,blis,double,EPYC,10000,10000,10000,58,58,close,default,,2.1183670759,0.01596905554594596,944.1717503,7.121619366020364,10
core,blis,double,EPYC,10000,10000,10000,58,58,spread,default,,2.1476092066,0.024951716071316386,931.3822852999999,10.918141748391418,10
core,blis,double,EPYC,10000,10000,10000,59,59,close,default,,2.1001002089,0.016945617647676076,952.3913393999999,7.688193645468936,10
core,blis,double,EPYC,10000,10000,10000,59,59,spread,default,,2.0867027995000003,0.027989655480620924,958.6049772,12.8505403972049,10
core,blis,double,EPYC,10000,10000,10000,60,60,close,default,,2.2274539958000004,0.011171546441567,897.9064384,4.503942902851964,10
core,blis,double,EPYC,10000,10000,10000,60,60,spread,default,,2.2497057815000003,0.010034338434149137,889.0211099,3.978648536972617,10
core,blis,double,EPYC,10000,10000,10000,61,61,close,default,,2.2268172481,0.011124339544840416,898.162833,4.443583948879288,10
core,blis,double,EPYC,10000,10000,10000,61,61,spread,default,,2.2283823694,0.006844638890509144,897.5196577999999,2.7567589490424695,10
core,blis,double,EPYC,10000,10000,10000,62,62,close,default,,2.0533234103,0.01637759670456862,974.086499,7.775890165378906,10
core,blis,double,EPYC,10000,10000,10000,62,62,spread,default,,2.0640258747,0.028527982467151405,969.147654,13.470796516426093,10
core,blis,double,EPYC,10000,10000,10000,63,63,close,default,,2.74301248,0.020203228234614883,729.1610342,5.379715503059738,10
core,blis,double,EPYC,10000,10000,10000,63,63,spread,default,,2.7286460169,0.01781987253922867,732.9923298,4.7763315913895905,10
core,blis,double,EPYC,10000,10000,10000,64,64,close,default,,2.3974263499,0.007939279610853058,834.2361666,2.7665362958588497,10
core,blis,double,EPYC,10000,10000,10000,64,64,spread,default,,2.4098903710000004,0.02008906909490981,829.9651819000001,6.919438032987049,10
core,blis,double,EPYC,20000,20000,20000,1,1,close,default,,330.9449748896,0.5449960854297297,48.3465236,0.07956324634067062,10
core,blis,double,EPYC,20000,20000,20000,1,1,spread,default,,330.3703761512,1.1968584646857003,48.432648799999996,0.19260030693975658,10
core,blis,double,EPYC,20000,20000,20000,2,2,close,default,,166.713646795,0.39850109520446336,95.97343989999999,0.22910556035953494,10
core,blis,double,EPYC,20000,20000,20000,2,2,spread,default,,166.6090274647,0.17954365918478185,96.0044771,0.09053698686472833,10
core,blis,double,EPYC,20000,20000,20000,3,3,close,default,,114.7351122947,0.3603428228040516,139.4528804,0.43758784494219893,10
core,blis,double,EPYC,20000,20000,20000,3,3,spread,default,,114.8774085861,0.26886224011529836,139.1944163,0.22421980158468907,10
core,blis,double,EPYC,20000,20000,20000,4,4,close,default,,92.2201347999,0.13447194152371142,173.498235,0.2529408306655684,10
core,blis,double,EPYC,20000,20000,20000,4,4,spread,default,,92.2990261264,0.227625220252351,173.4253255,0.3282322890285916,10
core,blis,double,EPYC,20000,20000,20000,5,5,close,default,,76.1143042679,0.2546189344882807,210.2122703,0.7013143417726604,10
core,blis,double,EPYC,20000,20000,20000,5,5,spread,default,,76.1736481964,0.472506244299896,210.10814879999998,1.2363503879902062,10
core,blis,double,EPYC,20000,20000,20000,6,6,close,default,,63.3971598105,0.12022699058761112,252.378055,0.4795103199626385,10
core,blis,double,EPYC,20000,20000,20000,6,6,spread,default,,63.42553315400001,0.10338097983307075,252.26460390000003,0.2740280282860178,10
core,blis,double,EPYC,20000,20000,20000,7,7,close,default,,57.720094178299995,0.13877046089897754,277.2012694,0.6675548383718019,10
core,blis,double,EPYC,20000,20000,20000,7,7,spread,default,,57.8750181656,0.33374088635963983,276.5123236,1.4401326485648693,10
core,blis,double,EPYC,20000,20000,20000,8,8,close,default,,48.0838622774,0.1626596409231717,332.7553938,1.1239125375599417,10
core,blis,double,EPYC,20000,20000,20000,8,8,spread,default,,48.133378390000004,0.3544303940009331,332.4050167,2.427025446889119,10
core,blis,double,EPYC,20000,20000,20000,9,9,close,default,,43.3974529444,0.06613589924065301,368.6860017,0.5613333330245524,10
core,blis,double,EPYC,20000,20000,20000,9,9,spread,default,,43.4615978735,0.10261982261636855,368.142471,0.7515486897771688,10
core,blis,double,EPYC,20000,20000,20000,10,10,close,default,,39.7034659385,0.06674405917861481,402.9885116,0.6766884135059036,10
core,blis,double,EPYC,20000,20000,20000,10,10,spread,default,,39.799490807,0.19167612059797784,402.0235912,1.9374304588526958,10
core,blis,double,EPYC,20000,20000,20000,11,11,close,default,,36.543941450800006,0.16609262430338864,437.8372201,1.9917788377138277,10
core,blis,double,EPYC,20000,20000,20000,11,11,spread,default,,36.5375900233,0.2164232771133276,437.91897200000005,2.5868608219991382,10
core,blis,double,EPYC,20000,20000,20000,12,12,close,default,,30.646171247900003,0.14305273512289784,522.0982759999999,2.432490779446895,10
core,blis,double,EPYC,20000,20000,20000,12,12,spread,default,,30.6288665637,0.20281766328769257,522.4035573,3.4451932359375155,10
core,blis,double,EPYC,20000,20000,20000,13,13,close,default,,30.5703450767,0.10793543287479428,523.388911,1.849026088569425,10
core,blis,double,EPYC,20000,20000,20000,13,13,spread,default,,33.9261114803,0.11996394909321244,471.61845009999996,1.6682545748016184,10
core,blis,double,EPYC,20000,20000,20000,14,14,close,default,,29.5382998473,0.06912004433144325,541.6722943000001,1.264306406552878,10
core,blis,double,EPYC,20000,20000,20000,14,14,spread,default,,29.556996887399997,0.06550532109650023,541.3293778,1.1998143778088328,10
core,blis,double,EPYC,20000,20000,20000,15,15,close,default,,28.0451855297,0.0883655332553215,570.5129967,1.7960991292912705,10
core,blis,double,EPYC,20000,20000,20000,15,15,spread,default,,28.0802092008,0.09210717900903385,569.8018318000001,1.865477370339145,10
core,blis,double,EPYC,20000,20000,20000,16,16,close,default,,24.7895286257,0.11407600383949917,645.4461083,2.9686118813825706,10
core,blis,double,EPYC,20000,20000,20000,16,16,spread,default,,24.7929302278,0.1432400243991254,645.3647122,3.7410381406705513,10
core,blis,double,EPYC,20000,20000,20000,17,17,close,default,,24.7490184219,0.14959072243050714,646.5114877,3.8974762424759146,10
core,blis,double,EPYC,20000,20000,20000,17,17,spread,default,,27.0304684705,0.054072622661100356,591.9267543,1.180888757447623,10
core,blis,double,EPYC,20000,20000,20000,18,18,close,default,,24.760452610799998,0.10656419644862675,646.2025131,2.7808338364398253,10
core,blis,double,EPYC,20000,20000,20000,18,18,spread,default,,24.7988084057,0.11686617021456229,645.2052205,3.0485941105516514,10
core,blis,double,EPYC,20000,20000,20000,19,19,close,default,,24.7496535429,0.06494742781798768,646.4777083,1.6988719538480348,10
core,blis,double,EPYC,20000,20000,20000,19,19,spread,default,,24.869921827000002,0.03911184489966728,643.3488503,1.0116659832005561,10
core,blis,double,EPYC,20000,20000,20000,20,20,close,default,,21.076340102699998,0.16919622886939556,759.1890615,6.086854132754247,10
core,blis,double,EPYC,20000,20000,20000,20,20,spread,default,,21.053696053800003,0.1826012217060067,760.0134221000001,6.6424614572272045,10
core,blis,double,EPYC,20000,20000,20000,21,21,close,default,,22.0948118234,0.07686268156070618,724.1598131,2.526877738252843,10
core,blis,double,EPYC,20000,20000,20000,21,21,spread,default,,22.1592445829,0.1580838024321819,722.0794742999999,5.1709253514605535,10
core,blis,double,EPYC,20000,20000,20000,22,22,close,default,,21.193121995600002,0.20421720550685113,755.0255119,7.333245225105453,10
core,blis,double,EPYC,20000,20000,20000,22,22,spread,default,,21.3178494434,0.3044623206623309,750.6843362,10.86010021383247,10
core,blis,double,EPYC,20000,20000,20000,23,23,close,default,,21.2045327378,0.2541396126243891,754.6539066,9.10946334596914,10
core,blis,double,EPYC,20000,20000,20000,23,23,spread,default,,20.0627396354,0.2599910815792541,797.6196406,10.407846514171482,10
core,blis,double,EPYC,20000,20000,20000,24,24,close,default,,20.1979298204,0.3507305490596072,792.3795959,14.027948576791871,10
core,blis,double,EPYC,20000,20000,20000,24,24,spread,default,,20.1946066315,0.1977856047659679,792.3593653,7.784711991195209,10
core,blis,double,EPYC,20000,20000,20000,25,25,close,default,,20.9195787478,0.3052397817417647,764.9823398999999,11.315433114734109,10
core,blis,double,EPYC,20000,20000,20000,25,25,spread,default,,20.8159611651,0.3165889585302311,768.8025935,11.810409477077508,10
core,blis,double,EPYC,20000,20000,20000,26,26,close,default,,19.9809616752,0.23980169018538217,800.8671652,9.713714785050438,10
core,blis,double,EPYC,20000,20000,20000,26,26,spread,default,,19.9411423834,0.31189481093603094,802.5417523,12.824721205668206,10
core,blis,double,EPYC,20000,20000,20000,27,27,close,default,,18.2915762156,0.5805136762922589,875.5050186000001,27.528294233324296,10
core,blis,double,EPYC,20000,20000,20000,27,27,spread,default,,18.4115395244,0.6863998934439592,870.1282558,33.032852198568875,10
core,blis,double,EPYC,20000,20000,20000,28,28,close,default,,17.542035288,0.66959283221709,913.3398186000001,36.29372413125072,10
core,blis,double,EPYC,20000,20000,20000,28,28,spread,default,,17.3447263308,0.6495618740147348,923.6419736,34.7740994588143,10
core,blis,double,EPYC,20000,20000,20000,29,29,close,default,,17.2199212456,0.23351054697401633,929.3104794000001,12.625619104856572,10
core,blis,double,EPYC,20000,20000,20000,29,29,spread,default,,19.1814966976,0.6425237537607196,834.9904481,28.303677150956776,10
core,blis,double,EPYC,20000,20000,20000,30,30,close,default,,19.176864439,0.07897280573862148,834.3514869999999,3.4521518317720905,10
core,blis,double,EPYC,20000,20000,20000,30,30,spread,default,,18.9721262776,0.3680992761824481,843.6319982000001,16.580568045936968,10
core,blis,double,EPYC,20000,20000,20000,31,31,close,default,,18.8649641145,0.5715815704704477,848.8558740000001,26.509169323783553,10
core,blis,double,EPYC,20000,20000,20000,31,31,spread,default,,19.5069517859,0.4592219021366531,820.6348486999999,19.561665640660873,10
core,blis,double,EPYC,20000,20000,20000,32,32,close,default,,16.600944683399998,0.041578425007536036,963.8060249,2.4185466008056267,10
core,blis,double,EPYC,20000,20000,20000,32,32,spread,default,,15.9717391744,0.7875417158994434,1004.0136570000001,50.57450193254392,10
core,blis,double,EPYC,20000,20000,20000,33,33,close,default,,18.2482434227,0.48235501622065874,877.3853816000001,24.74710916982386,10
core,blis,double,EPYC,20000,20000,20000,33,33,spread,default,,18.081110473800003,0.4953252660911739,885.5099554000001,24.684540510111198,10
core,blis,double,EPYC,20000,20000,20000,34,34,close,default,,18.1255821954,0.6363842393180911,883.7983853,33.8098501455935,10
core,blis,double,EPYC,20000,20000,20000,34,34,spread,default,,17.7931209096,0.7321001756471476,900.6269278,37.89526940590446,10
core,blis,double,EPYC,20000,20000,20000,35,35,close,default,,19.3048272768,0.27320897926723514,828.9622237,12.089826348853306,10
core,blis,double,EPYC,20000,20000,20000,35,35,spread,default,,19.085601805,0.48157508173007885,838.8142822,21.401132274659883,10
core,blis,double,EPYC,20000,20000,20000,36,36,close,default,,18.1801906363,0.10993433509871739,880.1078778000001,5.346685067308495,10
core,blis,double,EPYC,20000,20000,20000,36,36,spread,default,,17.995347417599998,0.45942860682080716,889.6520280999999,23.21139949189243,10
core,blis,double,EPYC,20000,20000,20000,37,37,close,default,,18.1111502913,0.38017732494883566,883.8031978000001,19.560430531180312,10
core,blis,double,EPYC,20000,20000,20000,37,37,spread,default,,18.908017694,0.5906821052787119,846.966908,27.2126384159304,10
core,blis,double,EPYC,20000,20000,20000,38,38,close,default,,17.0813196756,0.681323333176608,938.1042707,39.24859602650011,10
core,blis,double,EPYC,20000,20000,20000,38,38,spread,default,,17.083251847899998,0.7244216371821086,938.1840173,41.79365170636516,10
core,blis,double,EPYC,20000,20000,20000,39,39,close,default,,18.1651199768,0.682939829735057,881.9624475,34.09718660726997,10
core,blis,double,EPYC,20000,20000,20000,39,39,spread,default,,18.281875308100002,0.4959370837774103,875.7716911,24.083779874141552,10
core,blis,double,EPYC,20000,20000,20000,40,40,close,default,,17.928344916,0.22933801686717425,892.5733276999999,11.446115823708153,10
core,blis,double,EPYC,20000,20000,20000,40,40,spread,default,,17.5862009533,0.6749247482327397,911.0532335,36.18878314588582,10
core,blis,double,EPYC,20000,20000,20000,41,41,close,default,,17.6160281849,0.6848332637094917,909.57536,37.52124024056329,10
core,blis,double,EPYC,20000,20000,20000,41,41,spread,default,,17.8421118883,0.5268947474603692,897.4683024,26.85084929138544,10
core,blis,double,EPYC,20000,20000,20000,42,42,close,default,,17.5346106929,0.2669118908728501,912.6729101999999,14.005413511633888,10
core,blis,double,EPYC,20000,20000,20000,42,42,spread,default,,17.049097858800003,0.6690648414906266,939.7976864,37.72830599545848,10
core,blis,double,EPYC,20000,20000,20000,43,43,close,default,,17.523568418700002,0.41820894370590495,913.537902,22.437914842984494,10
core,blis,double,EPYC,20000,20000,20000,43,43,spread,default,,18.7298762836,0.5348709467765691,854.8964802,25.154199414936254,10
core,blis,double,EPYC,20000,20000,20000,44,44,close,default,,16.5393825942,0.6262358070822747,968.7606134,40.29055748535166,10
core,blis,double,EPYC,20000,20000,20000,44,44,spread,default,,16.1262189724,0.8853320408131161,995.0084850999999,57.411097737153106,10
core,blis,double,EPYC,20000,20000,20000,45,45,close,default,,16.935799992899998,0.5621204456354382,945.7513241,33.72501129114599,10
core,blis,double,EPYC,20000,20000,20000,45,45,spread,default,,16.4923052716,0.8001578775650073,972.2517611,48.16588794013999,10
core,blis,double,EPYC,20000,20000,20000,46,46,close,default,,16.6899499834,0.7657103625789827,960.6047763,47.09676923064118,10
core,blis,double,EPYC,20000,20000,20000,46,46,spread,default,,16.3142256511,1.0708180480599983,984.6736707,66.61930634496274,10
core,blis,double,EPYC,20000,20000,20000,47,47,close,default,,16.6103249284,0.8403179380932533,965.5879430000001,51.2186119250832,10
core,blis,double,EPYC,20000,20000,20000,47,47,spread,default,,15.825806063600002,0.8858774794808117,1013.9187732999999,57.84473620071749,10
core,blis,double,EPYC,20000,20000,20000,48,48,close,default,,15.517276642499999,0.5782145598920182,1032.4197474,39.09365111511803,10
core,blis,double,EPYC,20000,20000,20000,48,48,spread,default,,15.290360718599999,0.6529221354817816,1048.1203807,44.49867797437588,10
core,blis,double,EPYC,20000,20000,20000,49,49,close,default,,18.6344246188,0.23653089864357382,858.7528132,11.10794385191726,10
core,blis,double,EPYC,20000,20000,20000,49,49,spread,default,,18.4581391482,0.3553271544622897,867.1173233,16.79985513912315,10
core,blis,double,EPYC,20000,20000,20000,50,50,close,default,,16.457459501,0.8190783400918585,974.5513499000001,52.43270162093007,10
core,blis,double,EPYC,20000,20000,20000,50,50,spread,default,,16.1209419052,1.0650360751302608,996.7531930000001,71.67684431996729,10
core,blis,double,EPYC,20000,20000,20000,51,51,close,default,,17.1360086672,0.7788595433367035,935.5245126,44.45667648718849,10
core,blis,double,EPYC,20000,20000,20000,51,51,spread,default,,16.6876344295,0.6399068599708279,960.0299965,35.825155896217126,10
core,blis,double,EPYC,20000,20000,20000,52,52,close,default,,16.8231161785,1.0104179979216967,954.3137524,60.023710895860404,10
core,blis,double,EPYC,20000,20000,20000,52,52,spread,default,,16.4605918849,0.9719987805346958,975.0933616,57.927556208583816,10
core,blis,double,EPYC,20000,20000,20000,53,53,close,default,,16.8094261508,1.1987214617601814,956.4973041,72.52886500283007,10
core,blis,double,EPYC,20000,20000,20000,53,53,spread,default,,16.923171502,0.7647733474917042,947.2320449000001,43.83964801975992,10
core,blis,double,EPYC,20000,20000,20000,54,54,close,default,,17.0244965925,0.47611757227607104,940.5101662999999,27.333725072324597,10
core,blis,double,EPYC,20000,20000,20000,54,54,spread,default,,16.5898304691,0.7695698221854599,966.3409604000001,45.39465482338023,10
core,blis,double,EPYC,20000,20000,20000,55,55,close,default,,16.6067916679,0.7008517806891622,965.0223104,41.10973096433023,10
core,blis,double,EPYC,20000,20000,20000,55,55,spread,default,,16.4198597877,0.7504615959110933,976.2554027,44.39634542834528,10
core,blis,double,EPYC,20000,20000,20000,56,56,close,default,,16.9539722079,0.6291054951836954,944.9624215,36.860153070209456,10
core,blis,double,EPYC,20000,20000,20000,56,56,spread,default,,16.4727519768,0.7309944726897563,973.0540926,43.931062837231174,10
core,blis,double,EPYC,20000,20000,20000,57,57,close,default,,16.4804247325,0.9582587161414198,973.9381098,59.066794399757256,10
core,blis,double,EPYC,20000,20000,20000,57,57,spread,default,,16.4086085548,0.6564450158361919,976.5049077,39.08539124974179,10
core,blis,double,EPYC,20000,20000,20000,58,58,close,default,,17.2113902691,0.8601801600486342,931.8065694000001,48.684458380669646,10
core,blis,double,EPYC,20000,20000,20000,58,58,spread,default,,16.6621839485,1.0044590802132745,963.4331622,58.57585102693824,10
core,blis,double,EPYC,20000,20000,20000,59,59,close,default,,16.4052676062,0.8734883598337168,977.7069333,50.31912123688288,10
core,blis,double,EPYC,20000,20000,20000,59,59,spread,default,,16.2019934781,1.0611681506757509,991.3407088,64.65241015834685,10
core,blis,double,EPYC,20000,20000,20000,60,60,close,default,,15.5364296575,0.7153146330341782,1031.7848345,47.00216535777623,10
core,blis,double,EPYC,20000,20000,20000,60,60,spread,default,,15.9809807136,0.6913779035421683,1002.9114497,44.21626090796115,10
core,blis,double,EPYC,20000,20000,20000,61,61,close,default,,15.903890972100001,0.7319414390446025,1007.9974070000001,47.186073195763186,10
core,blis,double,EPYC,20000,20000,20000,61,61,spread,default,,15.9877282377,0.7521870974022536,1002.7506305999999,46.84320317144838,10
core,blis,double,EPYC,20000,20000,20000,62,62,close,default,,16.1298956892,1.295614331472754,998.0220453,84.09009772063253,10
core,blis,double,EPYC,20000,20000,20000,62,62,spread,default,,16.4982073179,0.8771816437478108,972.3449188000001,53.14963537351977,10
core,blis,double,EPYC,20000,20000,20000,63,63,close,default,,16.9432792248,0.8819093694719787,946.6178925,48.98434483484359,10
core,blis,double,EPYC,20000,20000,20000,63,63,spread,default,,16.7139760672,0.6465420942503022,958.5305933,35.88865731908657,10
core,blis,double,EPYC,20000,20000,20000,64,64,close,default,,16.5630084109,0.8880647226750771,968.595325,53.634446870437564,10
core,blis,double,EPYC,20000,20000,20000,64,64,spread,default,,16.2889309109,0.7605813188135169,984.1917328,45.94660370023004,10
core,blis,double,THIN,10000,10000,10000,1,1,close,default,,30.6305216077,0.09066211890483176,65.2948619,0.19215778476984485,10
core,blis,double,THIN,10000,10000,10000,1,1,spread,default,,30.664946595599996,0.0899346086966693,65.22155230000001,0.1905562007533885,10
core,blis,double,THIN,10000,10000,10000,2,2,close,default,,16.3040976704,0.08125879502490556,122.671291,0.6113711055695472,10
core,blis,double,THIN,10000,10000,10000,2,2,spread,default,,16.2661907079,0.042937929328063264,122.95518669999998,0.3238241387461391,10
core,blis,double,THIN,10000,10000,10000,3,3,close,default,,10.706129650700001,0.026065153592140348,186.8098682,0.45480343377106847,10
core,blis,double,THIN,10000,10000,10000,3,3,spread,default,,10.7142769212,0.022479135779898952,186.6675603,0.39216259827299893,10
core,blis,double,THIN,10000,10000,10000,4,4,close,default,,8.066794848399999,0.030585908639514027,247.93313840000002,0.9359344891484715,10
core,blis,double,THIN,10000,10000,10000,4,4,spread,default,,8.1554737549,0.03169240711942898,245.2374021,0.9534796229343284,10
core,blis,double,THIN,10000,10000,10000,5,5,close,default,,6.297629154899999,0.010660427923556669,317.58064939999997,0.537370531902092,10
core,blis,double,THIN,10000,10000,10000,5,5,spread,default,,6.3334604448,0.033389700909616696,315.7910291,1.6635857221959411,10
core,blis,double,THIN,10000,10000,10000,6,6,close,default,,5.353129752799999,0.007587719324999651,373.6138872,0.5293404347281371,10
core,blis,double,THIN,10000,10000,10000,6,6,spread,default,,5.3701678636,0.018077058085159057,372.4316288,1.2516602472470733,10
core,blis,double,THIN,10000,10000,10000,7,7,close,default,,4.533587817,0.007256494474456711,441.15272219999997,0.7054230935420335,10
core,blis,double,THIN,10000,10000,10000,7,7,spread,default,,4.5533768121,0.015563406782276638,439.23906909999994,1.4987122357634932,10
core,blis,double,THIN,10000,10000,10000,8,8,close,default,,4.0594400185,0.012817325465341487,492.6831961,1.5501813665509165,10
core,blis,double,THIN,10000,10000,10000,8,8,spread,default,,4.0758712598999995,0.013235144837479854,490.697279,1.5897271896309666,10
core,blis,double,THIN,10000,10000,10000,9,9,close,default,,3.5852734251999996,0.0045297855179720495,557.8383113,0.7047434525461618,10
core,blis,double,THIN,10000,10000,10000,9,9,spread,default,,3.606407848,0.01605414876512924,554.5783302,2.466836062788941,10
core,blis,double,THIN,10000,10000,10000,10,10,close,default,,3.3159029977000003,0.014615101885218397,603.1644639,2.649789583599982,10
core,blis,double,THIN,10000,10000,10000,10,10,spread,default,,3.3213383192,0.014323159167810977,602.1769217,2.5821087957876503,10
core,blis,double,THIN,10000,10000,10000,11,11,close,default,,2.9197338295,0.003952230983771948,684.9950746,0.9256801167011408,10
core,blis,double,THIN,10000,10000,10000,11,11,spread,default,,2.9296483102,0.011943463608227886,682.6859953000001,2.7791203647977962,10
core,blis,double,THIN,10000,10000,10000,12,12,close,default,,2.7458153498,0.007911731155213833,728.3865407999999,2.0987862447387737,10
core,blis,double,THIN,10000,10000,10000,12,12,spread,default,,2.7566835104,0.01720016457079986,725.5348281,4.515334473334106,10
core,blis,double,THIN,20000,20000,20000,1,1,close,default,,246.60519527850002,0.6785752003285666,64.8814744,0.17797913583414118,10
core,blis,double,THIN,20000,20000,20000,1,1,spread,default,,246.69868142649997,0.3783221152836223,64.8565843,0.09930761521773336,10
core,blis,double,THIN,20000,20000,20000,2,2,close,default,,127.47313854090001,0.560408238244724,125.51882270000002,0.5517488179567576,10
core,blis,double,THIN,20000,20000,20000,2,2,spread,default,,127.5890541624,0.5056641857822537,125.4043848,0.49848068553373115,10
core,blis,double,THIN,20000,20000,20000,3,3,close,default,,84.93709079589999,0.25420923846716,188.37623490000001,0.5655033512851799,10
core,blis,double,THIN,20000,20000,20000,3,3,spread,default,,84.805413386,0.3216382835814154,188.66964539999998,0.7160294774877417,10
core,blis,double,THIN,20000,20000,20000,4,4,close,default,,64.61904102999999,0.3692606610878295,247.61231370000002,1.4150081926047144,10
core,blis,double,THIN,20000,20000,20000,4,4,spread,default,,64.789159592,0.3286946314776107,246.96062419999998,1.2551219248836925,10
core,blis,double,THIN,20000,20000,20000,5,5,close,default,,50.2482600893,0.14587118968682744,318.421403,0.9253340237492639,10
core,blis,double,THIN,20000,20000,20000,5,5,spread,default,,50.331612767799996,0.10095215632443977,317.8928128,0.6378933849615717,10
core,blis,double,THIN,20000,20000,20000,6,6,close,default,,43.0412983051,0.28543593860683836,371.7506438,2.4538101606580356,10
core,blis,double,THIN,20000,20000,20000,6,6,spread,default,,42.9696284333,0.08587629504684709,372.3573639,0.744876400035668,10
core,blis,double,THIN,20000,20000,20000,7,7,close,default,,35.8473436171,0.08158861073141452,446.33919779999997,1.015958047182706,10
core,blis,double,THIN,20000,20000,20000,7,7,spread,default,,35.872419426700006,0.08935292859892484,446.0276079,1.112020312411148,10
core,blis,double,THIN,20000,20000,20000,8,8,close,default,,32.1121521595,0.08873820556012631,498.2571608,1.3743185740647168,10
core,blis,double,THIN,20000,20000,20000,8,8,spread,default,,32.1796786098,0.09449370712200335,497.2120615,1.462053284127968,10
core,blis,double,THIN,20000,20000,20000,9,9,close,default,,28.618514994399998,0.04980210887186059,559.0801481000001,0.9728610292921953,10
core,blis,double,THIN,20000,20000,20000,9,9,spread,default,,28.6260821641,0.03446463517385332,558.9315627,0.6719137756771042,10
core,blis,double,THIN,20000,20000,20000,10,10,close,default,,26.9464269016,0.13349957554958952,593.7838357,2.935709624861215,10
core,blis,double,THIN,20000,20000,20000,10,10,spread,default,,27.029168516100004,0.14350094977752734,591.9681413999999,3.148663100480401,10
core,blis,double,THIN,20000,20000,20000,11,11,close,default,,23.0825330493,0.12248305825035963,693.1823397,3.667394420633992,10
core,blis,double,THIN,20000,20000,20000,11,11,spread,default,,23.0321528561,0.12928559248933968,694.7005680999999,3.864641907935177,10
core,blis,double,THIN,20000,20000,20000,12,12,close,default,,21.664122713,0.1493036111860149,738.5798187,5.089054436306195,10
core,blis,double,THIN,20000,20000,20000,12,12,spread,default,,21.6146691384,0.11550280111240303,740.2569844,3.942147972875831,10
core,blis,float,EPYC,10000,10000,10000,1,1,close,default,,20.382344813,0.019291974964620165,98.1242163,0.092905328024523,10
core,blis,float,EPYC,10000,10000,10000,1,1,spread,default,,20.3667873686,0.019422609529965586,98.1991709,0.09365917997772298,10
core,blis,float,EPYC,10000,10000,10000,2,2,close,default,,10.556377507499999,0.027784731710022742,189.4601125,0.4986751099274606,10
core,blis,float,EPYC,10000,10000,10000,2,2,spread,default,,10.554112589799999,0.009504438389614312,189.4997276,0.17076390249451068,10
core,blis,float,EPYC,10000,10000,10000,3,3,close,default,,7.1233685353,0.022323253996131415,280.7685215,0.8785729143135382,10
core,blis,float,EPYC,10000,10000,10000,3,3,spread,default,,7.0915917324,0.00963089063254546,282.0245999,0.38314118262025415,10
core,blis,float,EPYC,10000,10000,10000,4,4,close,default,,5.4469995562,0.016806995546367196,367.1777728,1.1348003949987242,10
core,blis,float,EPYC,10000,10000,10000,4,4,spread,default,,5.4352858091,0.009336540826283999,367.9669085,0.6326678214603682,10
core,blis,float,EPYC,10000,10000,10000,5,5,close,default,,4.3079232177,0.02220999841897899,464.2719588,2.39885907561771,10
core,blis,float,EPYC,10000,10000,10000,5,5,spread,default,,4.25923563,0.013614030105011799,469.5721418,1.5014849421164267,10
core,blis,float,EPYC,10000,10000,10000,6,6,close,default,,3.7135862877,0.006897720952337139,538.5646275,1.0012019940349643,10
core,blis,float,EPYC,10000,10000,10000,6,6,spread,default,,3.7162265460999997,0.016747595891645956,538.1900831,2.4065622367490884,10
core,blis,float,EPYC,10000,10000,10000,7,7,close,default,,3.0831251643999997,0.011135276969898886,648.7000608000001,2.3430584429933923,10
core,blis,float,EPYC,10000,10000,10000,7,7,spread,default,,3.0679917455999997,0.0043721963848120295,651.8934264,0.9280256867886872,10
core,blis,float,EPYC,10000,10000,10000,8,8,close,default,,2.7361184937000003,0.0059007939286222005,730.9655606,1.5794960954082862,10
core,blis,float,EPYC,10000,10000,10000,8,8,spread,default,,2.7185461673,0.007403315504692727,735.6922435,2.000443636221007,10
core,blis,float,EPYC,10000,10000,10000,9,9,close,default,,2.4837437683,0.0076236449200991225,805.2428512,2.465146020437454,10
core,blis,float,EPYC,10000,10000,10000,9,9,spread,default,,2.4699291901,0.009188568525845842,809.7498944,3.0111267910930803,10
core,blis,float,EPYC,10000,10000,10000,10,10,close,default,,2.3124070165,0.005341600140015484,864.9037929,1.9967827343146252,10
core,blis,float,EPYC,10000,10000,10000,10,10,spread,default,,2.3203793193999998,0.005745305869697069,861.932792,2.1322063411189536,10
core,blis,float,EPYC,10000,10000,10000,11,11,close,default,,2.0649400728,0.012349221864688644,968.5823553,5.805131901009048,10
core,blis,float,EPYC,10000,10000,10000,11,11,spread,default,,2.0790490597,0.014624691273610432,962.0209253,6.73918576451137,10
core,blis,float,EPYC,10000,10000,10000,12,12,close,default,,1.8790677539,0.010361441850985573,1064.3867002000002,5.868613777635466,10
core,blis,float,EPYC,10000,10000,10000,12,12,spread,default,,1.8621009939,0.010132737912522975,1074.0840112,5.801398539557843,10
core,blis,float,EPYC,10000,10000,10000,13,13,close,default,,1.8806017124,0.011509523516305171,1063.5249792,6.458217535830267,10
core,blis,float,EPYC,10000,10000,10000,13,13,spread,default,,1.9124883860000002,0.011131230635839009,1045.789937,6.099883547265019,10
core,blis,float,EPYC,10000,10000,10000,14,14,close,default,,1.7240413628,0.005052272738882821,1160.0739476,3.402123576494242,10
core,blis,float,EPYC,10000,10000,10000,14,14,spread,default,,1.728001789,0.0034116300476266905,1157.4102607,2.2801033895944722,10
core,blis,float,EPYC,10000,10000,10000,15,15,close,default,,1.6147096172000002,0.013987245555204723,1238.6970139,10.802623138464632,10
core,blis,float,EPYC,10000,10000,10000,15,15,spread,default,,1.5987078936999999,0.007980302388556838,1251.038429,6.2671627034599355,10
core,blis,float,EPYC,10000,10000,10000,16,16,close,default,,1.4643174705,0.007920970361031723,1365.8599709,7.380959897766566,10
core,blis,float,EPYC,10000,10000,10000,16,16,spread,default,,1.4552199749999999,0.0040549035171829435,1374.3722948,3.8407870685053602,10
core,blis,float,EPYC,10000,10000,10000,17,17,close,default,,1.4677307386,0.013173126606373745,1362.7457634,12.133767451665035,10
core,blis,float,EPYC,10000,10000,10000,17,17,spread,default,,1.4847458678,0.006660090225867797,1347.0562657,6.043342528515188,10
core,blis,float,EPYC,10000,10000,10000,18,18,close,default,,1.3750243858,0.006719345064372801,1454.5508506,7.092374371204498,10
core,blis,float,EPYC,10000,10000,10000,18,18,spread,default,,1.3673957284,0.007610452173261475,1462.6749075,8.091410411373321,10
core,blis,float,EPYC,10000,10000,10000,19,19,close,default,,1.3774644468,0.006545541188619817,1451.9724994,6.874221836464404,10
core,blis,float,EPYC,10000,10000,10000,19,19,spread,default,,1.4006371637,0.010667752941061362,1427.9958767,10.842449067100496,10
core,blis,float,EPYC,10000,10000,10000,20,20,close,default,,1.2736652018,0.009942563882088749,1570.3566472999998,12.138737424312625,10
core,blis,float,EPYC,10000,10000,10000,20,20,spread,default,,1.2775214388,0.003512615358318664,1565.5421103,4.304872575979851,10
core,blis,float,EPYC,10000,10000,10000,21,21,close,default,,1.2820044803,0.005467335209378892,1560.0825934,6.681031342324249,10
core,blis,float,EPYC,10000,10000,10000,21,21,spread,default,,1.2798409704,0.007145539183095786,1562.7381466000002,8.755522341850961,10
core,blis,float,EPYC,10000,10000,10000,22,22,close,default,,1.2773130939,0.009245559195495592,1565.860513,11.31318517429704,10
core,blis,float,EPYC,10000,10000,10000,22,22,spread,default,,1.2803614809,0.005876308677957181,1562.0884001999998,7.150681121629866,10
core,blis,float,EPYC,10000,10000,10000,23,23,close,default,,1.2777654045,0.009103519008033864,1565.3034538,11.058395520843836,10
core,blis,float,EPYC,10000,10000,10000,23,23,spread,default,,1.2509035819999998,0.004589474158763905,1598.8635646999999,5.849242063728019,10
core,blis,float,EPYC,10000,10000,10000,24,24,close,default,,1.1870233732000002,0.0072969747591669016,1684.9437565,10.296996547479862,10
core,blis,float,EPYC,10000,10000,10000,24,24,spread,default,,1.1904813129,0.003892260195878845,1680.0088876000002,5.477015550481536,10
core,blis,float,EPYC,10000,10000,10000,25,25,close,default,,1.1769581118999999,0.0036638440949836298,1699.3106039,5.276809229064642,10
core,blis,float,EPYC,10000,10000,10000,25,25,spread,default,,1.1794527945,0.004698651409335131,1695.7257992999998,6.7472564061366365,10
core,blis,float,EPYC,10000,10000,10000,26,26,close,default,,1.2086577763,0.003496058111170216,1654.7405557999998,4.7802226401417505,10
core,blis,float,EPYC,10000,10000,10000,26,26,spread,default,,1.2131205421,0.004997042775945213,1648.6658568999999,6.7636366319521155,10
core,blis,float,EPYC,10000,10000,10000,27,27,close,default,,1.1767444731,0.006025266140159289,1699.6442735,8.668293026769248,10
core,blis,float,EPYC,10000,10000,10000,27,27,spread,default,,1.1868563831999999,0.006129580960089425,1685.1641169,8.662785438357915,10
core,blis,float,EPYC,10000,10000,10000,28,28,close,default,,1.1782339442,0.0076298152607399885,1697.5203497999998,11.082020617049228,10
core,blis,float,EPYC,10000,10000,10000,28,28,spread,default,,1.1832562809,0.007154502755346209,1690.3070532000002,10.318139458753906,10
core,blis,float,EPYC,10000,10000,10000,29,29,close,default,,1.1797949896,0.006155271192305421,1695.2515046,8.887041084520465,10
core,blis,float,EPYC,10000,10000,10000,29,29,spread,default,,1.1882315219000001,0.002808368338078685,1683.1821302,3.981732315972298,10
core,blis,float,EPYC,10000,10000,10000,30,30,close,default,,1.1523513303,0.008534256220182987,1735.6682139,12.964626339078837,10
core,blis,float,EPYC,10000,10000,10000,30,30,spread,default,,1.1535836841,0.004935753493449941,1733.7563243,7.4306614357443515,10
core,blis,float,EPYC,10000,10000,10000,31,31,close,default,,1.1441768037,0.007895410929623627,1748.0564762000001,12.056543434063228,10
core,blis,float,EPYC,10000,10000,10000,31,31,spread,default,,1.1520620306,0.0025555955608281607,1736.0253236,3.8518883082939728,10
core,blis,float,EPYC,10000,10000,10000,32,32,close,default,,1.1994491256,0.0049725337226647175,1667.4578652,6.899791302285994,10
core,blis,float,EPYC,10000,10000,10000,32,32,spread,default,,1.2018928252,0.002839813332265243,1664.0502568,3.9378779020985455,10
core,blis,float,EPYC,10000,10000,10000,33,33,close,default,,1.1021524899,0.011419603811348971,1814.804254,18.588325661283918,10
core,blis,float,EPYC,10000,10000,10000,33,33,spread,default,,1.0959412152,0.005850384918839067,1824.9619291,9.684974570831354,10
core,blis,float,EPYC,10000,10000,10000,34,34,close,default,,1.1058328036,0.006648719427750371,1808.6511566000001,10.992973045057756,10
core,blis,float,EPYC,10000,10000,10000,34,34,spread,default,,1.109549436,0.0021754636592704888,1802.5397036,3.5300980887174473,10
core,blis,float,EPYC,10000,10000,10000,35,35,close,default,,1.1427901246,0.004873631433895158,1750.1311922,7.442180562745211,10
core,blis,float,EPYC,10000,10000,10000,35,35,spread,default,,1.1488567363,0.009387824343603392,1740.9645231,14.063742038415437,10
core,blis,float,EPYC,10000,10000,10000,36,36,close,default,,1.1707149478,0.0051805170114564226,1708.3878445999999,7.5468476664823125,10
core,blis,float,EPYC,10000,10000,10000,36,36,spread,default,,1.170529708,0.005743458771769061,1708.6651468,8.37977960133018,10
core,blis,float,EPYC,10000,10000,10000,37,37,close,default,,1.170619535,0.006467373979686363,1708.5441858999998,9.48376352957671,10
core,blis,float,EPYC,10000,10000,10000,37,37,spread,default,,1.1559084992,0.004098028104482894,1730.2603087,6.1267451757222755,10
core,blis,float,EPYC,10000,10000,10000,38,38,close,default,,1.0693010373,0.012750651878890587,1870.6196423000001,22.268681906773363,10
core,blis,float,EPYC,10000,10000,10000,38,38,spread,default,,1.0667531476,0.005666963184006619,1874.8955904,9.954956120681068,10
core,blis,float,EPYC,10000,10000,10000,39,39,close,default,,1.1254422642,0.014101292251113751,1777.3249222999998,21.79552155122255,10
core,blis,float,EPYC,10000,10000,10000,39,39,spread,default,,1.1048096997,0.005100420281690604,1810.3011987999998,8.348835568625118,10
core,blis,float,EPYC,10000,10000,10000,40,40,close,default,,1.2009653039,0.0017347696467026523,1665.3301709,2.4049849962974283,10
core,blis,float,EPYC,10000,10000,10000,40,40,spread,default,,1.200711344,0.002101732736023333,1665.6838731,2.919208590712042,10
core,blis,float,EPYC,10000,10000,10000,41,41,close,default,,1.2008658937,0.002422504646500756,1665.4710028000002,3.359326431029479,10
core,blis,float,EPYC,10000,10000,10000,41,41,spread,default,,1.1912354956,0.003134854735911854,1678.9396069,4.4144112403265865,10
core,blis,float,EPYC,10000,10000,10000,42,42,close,default,,1.1848600364,0.0024727464080479544,1687.9696961999998,3.5208474915857026,10
core,blis,float,EPYC,10000,10000,10000,42,42,spread,default,,1.18572226,0.002797682362657052,1686.7441039,3.9838311954918026,10
core,blis,float,EPYC,10000,10000,10000,43,43,close,default,,1.1837355145,0.0015926026558407051,1689.5693605000001,2.271752122924282,10
core,blis,float,EPYC,10000,10000,10000,43,43,spread,default,,1.1805658769,0.00148332451674658,1694.1052433,2.1289045661489587,10
core,blis,float,EPYC,10000,10000,10000,44,44,close,default,,1.3009778709,0.005096434976274496,1537.3263971000001,6.022323688250854,10
core,blis,float,EPYC,10000,10000,10000,44,44,spread,default,,1.3004023321,0.005343282507867935,1538.0089694,6.332137284958732,10
core,blis,float,EPYC,10000,10000,10000,45,45,close,default,,1.3065759424999999,0.012452776355619255,1530.843332,14.550520308902211,10
core,blis,float,EPYC,10000,10000,10000,45,45,spread,default,,1.303760201,0.011852789864413769,1534.1378774999998,13.86578157627418,10
core,blis,float,EPYC,10000,10000,10000,46,46,close,default,,1.0496085032,0.013923704028999857,1905.7728677,25.173095989720025,10
core,blis,float,EPYC,10000,10000,10000,46,46,spread,default,,1.0402432784,0.016006862321568546,1923.0352081,29.467887687197738,10
core,blis,float,EPYC,10000,10000,10000,47,47,close,default,,1.0384352225,0.014439034329327003,1926.3111718,26.88687126413145,10
core,blis,float,EPYC,10000,10000,10000,47,47,spread,default,,1.0384389535,0.008165953468696564,1926.0742905,15.045637640136187,10
core,blis,float,EPYC,10000,10000,10000,48,48,close,default,,1.183954432,0.013369506668248326,1689.4482872,19.0980057417685,10
core,blis,float,EPYC,10000,10000,10000,48,48,spread,default,,1.1813526871,0.013763875673023666,1693.1806660000002,19.660545335227205,10
core,blis,float,EPYC,10000,10000,10000,49,49,close,default,,1.1633365911,0.004870041295198786,1719.2199771,7.188546440450114,10
core,blis,float,EPYC,10000,10000,10000,49,49,spread,default,,1.1528401733,0.0019261560221966742,1734.8502142000002,2.896859220006817,10
core,blis,float,EPYC,10000,10000,10000,50,50,close,default,,1.2949993277,0.009305184087075357,1544.4739501,11.072592892960234,10
core,blis,float,EPYC,10000,10000,10000,50,50,spread,default,,1.2801154228,0.009497596501123778,1562.4364260999998,11.57813765559775,10
core,blis,float,EPYC,10000,10000,10000,51,51,close,default,,1.1182214392,0.004021858312035918,1788.5753013,6.422544664785522,10
core,blis,float,EPYC,10000,10000,10000,51,51,spread,default,,1.1192909098,0.004299307513068424,1786.8692491999998,6.850714049639944,10
core,blis,float,EPYC,10000,10000,10000,52,52,close,default,,1.4049384997,0.010720424707557654,1423.6243113,10.84212843771357,10
core,blis,float,EPYC,10000,10000,10000,52,52,spread,default,,1.3898820286,0.015537614527080258,1439.1331715000001,16.11510062480549,10
core,blis,float,EPYC,10000,10000,10000,53,53,close,default,,1.4065085868,0.01229486717069217,1422.0590108000001,12.490582910938391,10
core,blis,float,EPYC,10000,10000,10000,53,53,spread,default,,1.3527692452,0.01156199432937722,1478.5456945,12.603101540800935,10
core,blis,float,EPYC,10000,10000,10000,54,54,close,default,,1.2035061113999999,0.0035864508113020925,1661.8245419999998,4.954525726164428,10
core,blis,float,EPYC,10000,10000,10000,54,54,spread,default,,1.2032441082,0.005477479358827736,1662.2040997,7.564314454325263,10
core,blis,float,EPYC,10000,10000,10000,55,55,close,default,,1.2017250943,0.004737372400828519,1664.2973809999999,6.550125697670342,10
core,blis,float,EPYC,10000,10000,10000,55,55,spread,default,,1.1949033413,0.0057454762415130485,1673.8104425999998,8.06258395527924,10
core,blis,float,EPYC,10000,10000,10000,56,56,close,default,,1.2828281043,0.007274978692573893,1559.1002792,8.805898163512062,10
core,blis,float,EPYC,10000,10000,10000,56,56,spread,default,,1.277947497,0.007573990223197975,1565.0588893,9.255497015170073,10
core,blis,float,EPYC,10000,10000,10000,57,57,close,default,,1.1172982762,0.01206500977578795,1790.2202375000002,19.338828270371717,10
core,blis,float,EPYC,10000,10000,10000,57,57,spread,default,,1.1151473459,0.007826952981900842,1793.5645398000001,12.59715399145736,10
core,blis,float,EPYC,10000,10000,10000,58,58,close,default,,1.0620424169,0.004567648457760958,1883.1953936999998,8.121793683575067,10
core,blis,float,EPYC,10000,10000,10000,58,58,spread,default,,1.0636830645,0.005949721933526073,1880.3123971,10.54269880838256,10
core,blis,float,EPYC,10000,10000,10000,59,59,close,default,,1.0603791052,0.007182825398376214,1886.1962198,12.848728486916805,10
core,blis,float,EPYC,10000,10000,10000,59,59,spread,default,,1.0409548077,0.02438560805915898,1922.2745613,45.619352462637316,10
core,blis,float,EPYC,10000,10000,10000,60,60,close,default,,1.2269638227,0.012896128457435905,1630.2014127999998,17.073854197735848,10
core,blis,float,EPYC,10000,10000,10000,60,60,spread,default,,1.2156104667,0.003572739285865416,1645.2766788000001,4.836422152543663,10
core,blis,float,EPYC,10000,10000,10000,61,61,close,default,,1.2233412322,0.011828949000513183,1635.0039704,15.759726285604623,10
core,blis,float,EPYC,10000,10000,10000,61,61,spread,default,,1.2042837259999999,0.008659514411052418,1660.8156076,11.959745616317027,10
core,blis,float,EPYC,10000,10000,10000,62,62,close,default,,0.9893115009999999,0.01137661475092948,2021.8487109000002,23.264212295921133,10
core,blis,float,EPYC,10000,10000,10000,62,62,spread,default,,1.0027703251,0.014222328516808951,1994.8267961000001,27.58987346072013,10
core,blis,float,EPYC,10000,10000,10000,63,63,close,default,,1.5020062784000001,0.02930322019796121,1332.0050149,25.785439707584192,10
core,blis,float,EPYC,10000,10000,10000,63,63,spread,default,,1.4964040074,0.015141372540207807,1336.6600461,13.46244547266845,10
core,blis,float,EPYC,10000,10000,10000,64,64,close,default,,1.3500826242000001,0.008192791824593188,1481.4400587,9.01651431205701,10
core,blis,float,EPYC,10000,10000,10000,64,64,spread,default,,1.3411492377,0.013264707327621335,1491.3900392,14.79440896550813,10
core,blis,float,EPYC,20000,20000,20000,1,1,close,default,,164.2200229117,0.3698745159898178,97.4307064,0.21886765861953805,10
core,blis,float,EPYC,20000,20000,20000,1,1,spread,default,,164.1050755697,0.4784096277944957,97.4992573,0.2856612770363035,10
core,blis,float,EPYC,20000,20000,20000,2,2,close,default,,82.9996561967,0.19854598670703652,192.7728767,0.46161798801631293,10
core,blis,float,EPYC,20000,20000,20000,2,2,spread,default,,83.03460815119999,0.18974490240155192,192.6916469,0.4415766151891256,10
core,blis,float,EPYC,20000,20000,20000,3,3,close,default,,55.8371828539,0.1768826171566857,286.5499954,0.9076765400853821,10
core,blis,float,EPYC,20000,20000,20000,3,3,spread,default,,55.9266441404,0.11951896199835438,286.0902175,0.6115593489989899,10
core,blis,float,EPYC,20000,20000,20000,4,4,close,default,,42.8500192911,0.09056566029765031,373.39689669999996,0.7878738862448106,10
core,blis,float,EPYC,20000,20000,20000,4,4,spread,default,,42.943520959,0.09540804354296462,372.5840535,0.8281296537271794,10
core,blis,float,EPYC,20000,20000,20000,5,5,close,default,,35.6731310718,0.18721818108312563,448.5279506,2.3524250181133497,10
core,blis,float,EPYC,20000,20000,20000,5,5,spread,default,,35.585606822299994,0.08960508046680286,449.62255000000005,1.1319115755349345,10
core,blis,float,EPYC,20000,20000,20000,6,6,close,default,,29.221282300299997,0.1186059936166939,547.5542201999999,2.2150325641102007,10
core,blis,float,EPYC,20000,20000,20000,6,6,spread,default,,29.2113394803,0.07652697700096815,547.735878,1.432765785432738,10
core,blis,float,EPYC,20000,20000,20000,7,7,close,default,,25.207951805,0.16165985150732395,634.7438081,4.064299095775836,10
core,blis,float,EPYC,20000,20000,20000,7,7,spread,default,,25.1675765829,0.12409266648035981,635.7525262,3.1374226386434385,10
core,blis,float,EPYC,20000,20000,20000,8,8,close,default,,22.1692847866,0.12477354039251004,721.7397944,4.05222129283044,10
core,blis,float,EPYC,20000,20000,20000,8,8,spread,default,,22.020682645,0.05511224667053146,726.5937349,1.8154508395402955,10
core,blis,float,EPYC,20000,20000,20000,9,9,close,default,,19.5556966805,0.14652412610522414,818.2169888000001,6.091275267225969,10
core,blis,float,EPYC,20000,20000,20000,9,9,spread,default,,19.4654930317,0.035482366697791035,821.9698218,1.497995131358676,10
core,blis,float,EPYC,20000,20000,20000,10,10,close,default,,17.9882748958,0.1296973913999033,889.5096446,6.373997690660672,10
core,blis,float,EPYC,20000,20000,20000,10,10,spread,default,,17.904895924199998,0.0718412269617233,893.6232416,3.574804993489476,10
core,blis,float,EPYC,20000,20000,20000,11,11,close,default,,15.715405721900002,0.1630928224506755,1018.2074133,10.50976668940388,10
core,blis,float,EPYC,20000,20000,20000,11,11,spread,default,,15.641892436000001,0.16444782908312147,1022.9944212,10.599342788711365,10
core,blis,float,EPYC,20000,20000,20000,12,12,close,default,,14.608832662000001,0.1987896192013601,1095.4089999,14.794240368325305,10
core,blis,float,EPYC,20000,20000,20000,12,12,spread,default,,14.557591294400002,0.05482410007765778,1099.0969035,4.124635233637096,10
core,blis,float,EPYC,20000,20000,20000,13,13,close,default,,14.621727246599999,0.20482828526421412,1094.4537974999998,15.21597363215425,10
core,blis,float,EPYC,20000,20000,20000,13,13,spread,default,,15.0204549836,0.04736986322876797,1065.2236063,3.3595112845526,10
core,blis,float,EPYC,20000,20000,20000,14,14,close,default,,13.3739720726,0.15418520252289517,1196.4953794,13.661836094131996,10
core,blis,float,EPYC,20000,20000,20000,14,14,spread,default,,13.2864244166,0.01742238098019324,1204.2385725,1.5798746550461418,10
core,blis,float,EPYC,20000,20000,20000,15,15,close,default,,12.4726305394,0.16756443168913024,1283.0154224,17.090484358772347,10
core,blis,float,EPYC,20000,20000,20000,15,15,spread,default,,12.3924001062,0.05167097684210318,1291.1340496999999,5.370211067836168,10
core,blis,float,EPYC,20000,20000,20000,16,16,close,default,,11.5642858956,0.17113340255003204,1383.8401716,20.279438931708864,10
core,blis,float,EPYC,20000,20000,20000,16,16,spread,default,,11.494997164800001,0.0447452962884341,1391.9288339999998,5.413373886906007,10
core,blis,float,EPYC,20000,20000,20000,17,17,close,default,,11.571935036800001,0.18984857755143822,1382.9862515999998,22.39881940576786,10
core,blis,float,EPYC,20000,20000,20000,17,17,spread,default,,12.0087685833,0.030359741745193774,1332.3674153,3.3655005245909475,10
core,blis,float,EPYC,20000,20000,20000,18,18,close,default,,10.526248057,0.1385981264484778,1520.2459981,19.935386063234105,10
core,blis,float,EPYC,20000,20000,20000,18,18,spread,default,,10.4964953982,0.09452040870862322,1524.4283524,13.580090945354945,10
core,blis,float,EPYC,20000,20000,20000,19,19,close,default,,10.5432096814,0.13346615510053816,1517.7822256,19.117550982362594,10
core,blis,float,EPYC,20000,20000,20000,19,19,spread,default,,10.3353347818,0.06335790029981256,1548.1394182,9.455667113541718,10
core,blis,float,EPYC,20000,20000,20000,20,20,close,default,,9.4806297435,0.08633744093797749,1687.7766806,15.260785281886179,10
core,blis,float,EPYC,20000,20000,20000,20,20,spread,default,,9.4199714694,0.029797755618756666,1698.5342354,5.370988197434267,10
core,blis,float,EPYC,20000,20000,20000,21,21,close,default,,9.6725071343,0.08843790281356637,1654.2968473,15.052424065711905,10
core,blis,float,EPYC,20000,20000,20000,21,21,spread,default,,9.600696429,0.03297703972835176,1666.5635040000002,5.7373862812219265,10
core,blis,float,EPYC,20000,20000,20000,22,22,close,default,,9.4739720256,0.0635570817845957,1688.9056851,11.279771362836353,10
core,blis,float,EPYC,20000,20000,20000,22,22,spread,default,,9.3981332431,0.03347756214893879,1702.4852284,6.074422383322548,10
core,blis,float,EPYC,20000,20000,20000,23,23,close,default,,9.4580693632,0.07702329558404467,1691.7777123,13.718280295121636,10
core,blis,float,EPYC,20000,20000,20000,23,23,spread,default,,9.158430944500001,0.028325975698698436,1747.0392079,5.410973695229165,10
core,blis,float,EPYC,20000,20000,20000,24,24,close,default,,8.8543880687,0.046531063624554524,1807.0584035,9.464931966665198,10
core,blis,float,EPYC,20000,20000,20000,24,24,spread,default,,8.8447670951,0.028149758270746436,1808.9956278000002,5.72353454768569,10
core,blis,float,EPYC,20000,20000,20000,25,25,close,default,,8.7229941349,0.07057778197457112,1834.3394997,14.684278377968381,10
core,blis,float,EPYC,20000,20000,20000,25,25,spread,default,,8.7589594616,0.04872816673391606,1826.7516874,10.123932958666774,10
core,blis,float,EPYC,20000,20000,20000,26,26,close,default,,8.6809537018,0.03702975135594083,1843.1457041999997,7.877355768512175,10
core,blis,float,EPYC,20000,20000,20000,26,26,spread,default,,8.655583225700001,0.030179178901132843,1848.5380363,6.4363615178773514,10
core,blis,float,EPYC,20000,20000,20000,27,27,close,default,,8.021803371299999,0.04227641121938537,1994.6135114,10.444496186735998,10
core,blis,float,EPYC,20000,20000,20000,27,27,spread,default,,8.006605758300001,0.09142256938988565,1998.5785831,22.251527625312523,10
core,blis,float,EPYC,20000,20000,20000,28,28,close,default,,7.7406854433,0.03623542636120434,2067.0412279,9.68802572726859,10
core,blis,float,EPYC,20000,20000,20000,28,28,spread,default,,7.788088866600001,0.05469221090997684,2054.5101695000003,14.379136979137899,10
core,blis,float,EPYC,20000,20000,20000,29,29,close,default,,7.7655530977,0.04648932231609934,2060.4476114,12.316835662375592,10
core,blis,float,EPYC,20000,20000,20000,29,29,spread,default,,7.8753921591,0.031474896223707596,2031.6740533,8.116183204370328,10
core,blis,float,EPYC,20000,20000,20000,30,30,close,default,,7.7350122498000005,0.043867792279256405,2068.5759561,11.660478178883423,10
core,blis,float,EPYC,20000,20000,20000,30,30,spread,default,,7.729847918100001,0.05480324684090057,2069.9914749,14.583914770627393,10
core,blis,float,EPYC,20000,20000,20000,31,31,close,default,,7.7480723391,0.04024599014164177,2065.0799615,10.737617114185394,10
core,blis,float,EPYC,20000,20000,20000,31,31,spread,default,,7.9407984715,0.023495980764847244,2014.9265824,5.954934280713382,10
core,blis,float,EPYC,20000,20000,20000,32,32,close,default,,7.4334157654999995,0.03620719118940285,2152.4883631000002,10.462473574101574,10
core,blis,float,EPYC,20000,20000,20000,32,32,spread,default,,7.4145210142,0.026101202565876155,2157.9517213,7.593795304199201,10
core,blis,float,EPYC,20000,20000,20000,33,33,close,default,,7.6675023746,0.02626740434109638,2086.7511049,7.150904569053697,10
core,blis,float,EPYC,20000,20000,20000,33,33,spread,default,,7.624653242399999,0.030502745449823336,2098.4862155,8.36820749679437,10
core,blis,float,EPYC,20000,20000,20000,34,34,close,default,,7.476584260699999,0.02788390227024739,2140.0415447,8.006679259369411,10
core,blis,float,EPYC,20000,20000,20000,34,34,spread,default,,7.4765442198,0.03748438712657053,2140.0747893,10.78381980975353,10
core,blis,float,EPYC,20000,20000,20000,35,35,close,default,,7.6329561217999995,0.07133348464012924,2096.3373001,19.480711344274784,10
core,blis,float,EPYC,20000,20000,20000,35,35,spread,default,,7.649069118,0.08042169105882513,2091.9649898,21.897169170061414,10
core,blis,float,EPYC,20000,20000,20000,36,36,close,default,,7.1994978534,0.073296357675256,2222.5842453,22.595668034725744,10
core,blis,float,EPYC,20000,20000,20000,36,36,spread,default,,7.168694729399999,0.03544883209464867,2231.9757357,11.05496445792053,10
core,blis,float,EPYC,20000,20000,20000,37,37,close,default,,7.199259164500001,0.06295204927699247,2222.6027438,19.29541693364666,10
core,blis,float,EPYC,20000,20000,20000,37,37,spread,default,,7.3674918011,0.04784005656012324,2171.7849545,14.11767221317515,10
core,blis,float,EPYC,20000,20000,20000,38,38,close,default,,7.190866461899999,0.030875637084877946,2225.081733,9.558494578067647,10
core,blis,float,EPYC,20000,20000,20000,38,38,spread,default,,7.1926717146,0.023774527794716484,2224.508225,7.355605713131418,10
core,blis,float,EPYC,20000,20000,20000,39,39,close,default,,7.4151406212,0.06078063891346624,2157.8783098,17.753118188991557,10
core,blis,float,EPYC,20000,20000,20000,39,39,spread,default,,7.443937206299999,0.040070326545182784,2149.4567136,11.668740035091728,10
core,blis,float,EPYC,20000,20000,20000,40,40,close,default,,7.134683055000001,0.05587284566381211,2242.6895213,17.479255557456614,10
core,blis,float,EPYC,20000,20000,20000,40,40,spread,default,,7.1593524727,0.06571726310624905,2235.0084579000004,20.514994507439443,10
core,blis,float,EPYC,20000,20000,20000,41,41,close,default,,7.1286652126000005,0.060113067415635955,2244.6033642,18.963267685309397,10
core,blis,float,EPYC,20000,20000,20000,41,41,spread,default,,7.0109435914,0.008341632229845655,2282.149353,2.714652780736044,10
core,blis,float,EPYC,20000,20000,20000,42,42,close,default,,6.9478360169,0.1124573001128468,2303.4229626,37.59699556051153,10
core,blis,float,EPYC,20000,20000,20000,42,42,spread,default,,6.9691122691,0.11037648737456127,2296.3736086,37.10208002488229,10
core,blis,float,EPYC,20000,20000,20000,43,43,close,default,,7.0245148772,0.06231049375992716,2277.9012896,20.534223670984023,10
core,blis,float,EPYC,20000,20000,20000,43,43,spread,default,,7.0170913903,0.023199695149928735,2280.1693683,7.511712070170607,10
core,blis,float,EPYC,20000,20000,20000,44,44,close,default,,7.1738357255,0.04304367636365372,2230.3990404,13.3283192371685,10
core,blis,float,EPYC,20000,20000,20000,44,44,spread,default,,7.1396455119999995,0.04658324406536633,2241.0931222,14.561017696391598,10
core,blis,float,EPYC,20000,20000,20000,45,45,close,default,,7.432666897999999,0.03470684172386983,2152.7014854,10.022783224686847,10
core,blis,float,EPYC,20000,20000,20000,45,45,spread,default,,7.4538921114,0.05033657529542819,2146.6180458,14.553702038411764,10
core,blis,float,EPYC,20000,20000,20000,46,46,close,default,,7.017276871599999,0.031392675621158814,2280.1274000000003,10.096798824659379,10
core,blis,float,EPYC,20000,20000,20000,46,46,spread,default,,7.0098221111,0.01888457159296849,2282.5264266,6.131668716318575,10
core,blis,float,EPYC,20000,20000,20000,47,47,close,default,,7.0330915811,0.04682305610299954,2275.0499408,15.058953096494127,10
core,blis,float,EPYC,20000,20000,20000,47,47,spread,default,,6.895156972,0.17963265075873358,2321.9459424,62.99529009027095,10
core,blis,float,EPYC,20000,20000,20000,48,48,close,default,,6.795401354899999,0.025326233982487123,2354.5628377000003,8.752434087094466,10
core,blis,float,EPYC,20000,20000,20000,48,48,spread,default,,6.7629016197,0.017867288513488632,2365.8632695,6.25208805543807,10
core,blis,float,EPYC,20000,20000,20000,49,49,close,default,,6.9057571033,0.01958121546761123,2316.9241677,6.555545074028081,10
core,blis,float,EPYC,20000,20000,20000,49,49,spread,default,,6.9030473981,0.013787872824958905,2317.8252373,4.63157313089768,10
core,blis,float,EPYC,20000,20000,20000,50,50,close,default,,7.1163952891,0.09782487979913729,2248.7236951,31.881069083319893,10
core,blis,float,EPYC,20000,20000,20000,50,50,spread,default,,7.1110153694000005,0.010687890924031064,2250.0348733,3.3854451625280664,10
core,blis,float,EPYC,20000,20000,20000,51,51,close,default,,6.8492651469,0.0138799934105913,2336.0256376,4.721575569312981,10
core,blis,float,EPYC,20000,20000,20000,51,51,spread,default,,6.794449945799999,0.05882604985536483,2355.0233947,20.561631094647712,10
core,blis,float,EPYC,20000,20000,20000,52,52,close,default,,7.4901991333,0.048775384697533446,2136.2064699,13.938201309806914,10
core,blis,float,EPYC,20000,20000,20000,52,52,spread,default,,7.3324896125,0.36480977404334236,2187.2979344,116.78817706215283,10
core,blis,float,EPYC,20000,20000,20000,53,53,close,default,,7.4993690862,0.07102413132877987,2133.686551,20.38402571540203,10
core,blis,float,EPYC,20000,20000,20000,53,53,spread,default,,7.5957473985,0.02181166346382434,2106.4574861,6.060538154819704,10
core,blis,float,EPYC,20000,20000,20000,54,54,close,default,,6.850830605500001,0.21954368021494053,2337.8331879,81.47947615858078,10
core,blis,float,EPYC,20000,20000,20000,54,54,spread,default,,6.903598399400001,0.011153891288239704,2317.6373563,3.739954827665538,10
core,blis,float,EPYC,20000,20000,20000,55,55,close,default,,7.0252602994,0.02576492904755046,2277.5232153,8.34156884963475,10
core,blis,float,EPYC,20000,20000,20000,55,55,spread,default,,6.9959431605999995,0.011196210868833129,2287.045004,3.6573000625937775,10
core,blis,float,EPYC,20000,20000,20000,56,56,close,default,,7.1865138791,0.02499399674608021,2226.4166493000002,7.741997252087033,10
core,blis,float,EPYC,20000,20000,20000,56,56,spread,default,,7.140266040599999,0.03749822546727499,2240.8683194,11.732916969324734,10
core,blis,float,EPYC,20000,20000,20000,57,57,close,default,,6.864298057499999,0.014059363790423371,2330.9099168000002,4.774604215826538,10
core,blis,float,EPYC,20000,20000,20000,57,57,spread,default,,6.8695324405000004,0.026206598065161044,2329.1555857,8.897490771250995,10
core,blis,float,EPYC,20000,20000,20000,58,58,close,default,,7.0408099065,0.30115618592504534,2276.6357336,108.35449875871612,10
core,blis,float,EPYC,20000,20000,20000,58,58,spread,default,,7.0013238145,0.33432551344868533,2290.3176425,117.17565399605134,10
core,blis,float,EPYC,20000,20000,20000,59,59,close,default,,7.1382326223,0.048737685591762864,2241.5447001000002,15.217904988191798,10
core,blis,float,EPYC,20000,20000,20000,59,59,spread,default,,6.963037201500001,0.2713808492821781,2301.2189724,96.1788764981287,10
core,blis,float,EPYC,20000,20000,20000,60,60,close,default,,6.7911233832999995,0.2266214961469603,2358.596676,85.90653868832905,10
core,blis,float,EPYC,20000,20000,20000,60,60,spread,default,,6.808669652099999,0.23838567495934165,2352.7878692,90.22080153604874,10
core,blis,float,EPYC,20000,20000,20000,61,61,close,default,,6.7893191464,0.2609725266394915,2360.1157885000002,100.39466703785793,10
core,blis,float,EPYC,20000,20000,20000,61,61,spread,default,,6.8246221789999995,0.2728513536706134,2348.1976106,104.10585615947399,10
core,blis,float,EPYC,20000,20000,20000,62,62,close,default,,6.8134400479999995,0.44812634317226363,2358.0910702,165.49846215949387,10
core,blis,float,EPYC,20000,20000,20000,62,62,spread,default,,7.1087041389,0.05983614645704345,2250.9048764,18.88190697849098,10
core,blis,float,EPYC,20000,20000,20000,63,63,close,default,,8.195777282,0.04051089401234207,1952.2677598999999,9.64790674264837,10
core,blis,float,EPYC,20000,20000,20000,63,63,spread,default,,8.0055525592,0.37780407471581146,2002.9066885,101.10507553075199,10
core,blis,float,EPYC,20000,20000,20000,64,64,close,default,,7.255748983399999,0.031183440924861923,2205.1847174,9.505607508715329,10
core,blis,float,EPYC,20000,20000,20000,64,64,spread,default,,7.2557304226,0.03695775528196764,2205.2052264,11.263659241663715,10
core,blis,float,THIN,10000,10000,10000,1,1,close,default,,15.871988500099999,0.10003239569910331,126.0126233,0.7876110804598442,10
core,blis,float,THIN,10000,10000,10000,1,1,spread,default,,15.9493735564,0.10923752604558239,125.40207649999999,0.860151504516924,10
core,blis,float,THIN,10000,10000,10000,2,2,close,default,,8.5857911954,0.02763994053304168,232.9451803,0.7508639020725179,10
core,blis,float,THIN,10000,10000,10000,2,2,spread,default,,8.6040215178,0.04117666145078705,232.45423190000002,1.1121091714898683,10
core,blis,float,THIN,10000,10000,10000,3,3,close,default,,5.6577634153,0.06836848566010313,353.5429526,4.264288779743998,10
core,blis,float,THIN,10000,10000,10000,3,3,spread,default,,5.6138388810999995,0.044549166098770035,356.2823567,2.7872147707452863,10
core,blis,float,THIN,10000,10000,10000,4,4,close,default,,4.211603032899999,0.050711148870788814,474.93991489999996,5.661624517826383,10
core,blis,float,THIN,10000,10000,10000,4,4,spread,default,,4.1908081836,0.04213159982425773,477.27740800000004,4.696210564852628,10
core,blis,float,THIN,10000,10000,10000,5,5,close,default,,3.3658654616,0.04288584973488424,594.2872604,7.538494543870085,10
core,blis,float,THIN,10000,10000,10000,5,5,spread,default,,3.3617757522,0.04612162131152519,595.0226189,8.013249210616939,10
core,blis,float,THIN,10000,10000,10000,6,6,close,default,,2.8818221321,0.05348558412820309,694.2226645,13.01153159019018,10
core,blis,float,THIN,10000,10000,10000,6,6,spread,default,,2.8443444343,0.052572722500607655,703.3610973,12.707219330740244,10
core,blis,float,THIN,10000,10000,10000,7,7,close,default,,2.4028296338,0.009085570778215552,832.3627042,3.151698269624759,10
core,blis,float,THIN,10000,10000,10000,7,7,spread,default,,2.4008936558,0.008406203059276526,833.032297,2.9022079702470234,10
core,blis,float,THIN,10000,10000,10000,8,8,close,default,,2.1607275906,0.013338446992999875,925.6458853,5.7147812881869235,10
core,blis,float,THIN,10000,10000,10000,8,8,spread,default,,2.1642449437,0.015691386473655658,924.1533674,6.6741754109930636,10
core,blis,float,THIN,10000,10000,10000,9,9,close,default,,1.8948188253000002,0.01745501911086488,1055.5904229,9.714344652872082,10
core,blis,float,THIN,10000,10000,10000,9,9,spread,default,,1.8953728987000003,0.021179333927593195,1055.3185981000001,11.661089518057222,10
core,blis,float,THIN,10000,10000,10000,10,10,close,default,,1.7913363002,0.007934776358958279,1116.5046570999998,4.9461053975889095,10
core,blis,float,THIN,10000,10000,10000,10,10,spread,default,,1.8030871075000001,0.011069529218782582,1109.2464536,6.823563091559843,10
core,blis,float,THIN,10000,10000,10000,11,11,close,default,,1.553572737,0.008201423153387061,1287.3875124,6.793067201639694,10
core,blis,float,THIN,10000,10000,10000,11,11,spread,default,,1.5540790579,0.007171776595337982,1286.9604904,5.9409815839591165,10
core,blis,float,THIN,10000,10000,10000,12,12,close,default,,1.4895413145999998,0.011063753888466983,1342.7620308,9.994876064420971,10
core,blis,float,THIN,10000,10000,10000,12,12,spread,default,,1.493501585,0.007432488870571135,1339.1647939999998,6.688825397802849,10
core,blis,float,THIN,20000,20000,20000,1,1,close,default,,128.4056530307,1.6183048410182095,124.6226901,1.5504794623401277,10
core,blis,float,THIN,20000,20000,20000,1,1,spread,default,,127.8958522269,1.083216164327561,125.1098702,1.0600981433954142,10
core,blis,float,THIN,20000,20000,20000,2,2,close,default,,66.47151037799999,0.8457198871368277,240.7392911,3.0279621394250706,10
core,blis,float,THIN,20000,20000,20000,2,2,spread,default,,66.5492416351,0.5934639016906599,240.4407103,2.1474451658148994,10
core,blis,float,THIN,20000,20000,20000,3,3,close,default,,44.3615225824,0.5826659046280461,360.7285723,4.707948792341235,10
core,blis,float,THIN,20000,20000,20000,3,3,spread,default,,44.265813514899996,0.2746985481355341,361.465351,2.256326703765109,10
core,blis,float,THIN,20000,20000,20000,4,4,close,default,,33.3172285262,0.20490265184168813,480.2482368,2.929686363931985,10
core,blis,float,THIN,20000,20000,20000,4,4,spread,default,,33.5741723626,0.6351866802339274,476.7080198,8.882514721616253,10
core,blis,float,THIN,20000,20000,20000,5,5,close,default,,26.300844355,0.17870685732140096,608.3706022,4.106841833926278,10
core,blis,float,THIN,20000,20000,20000,5,5,spread,default,,26.2554883718,0.14171368517612354,609.4123106999999,3.276124400540263,10
core,blis,float,THIN,20000,20000,20000,6,6,close,default,,22.313069289700003,0.38481151245839457,717.2545895000001,11.988562302286029,10
core,blis,float,THIN,20000,20000,20000,6,6,spread,default,,22.2054288816,0.07412678601854908,720.5517368,2.4035185963255814,10
core,blis,float,THIN,20000,20000,20000,7,7,close,default,,18.8515528149,0.13519622019568697,848.7754949,6.049665893457749,10
core,blis,float,THIN,20000,20000,20000,7,7,spread,default,,18.8347484349,0.11943148285396973,849.5242255,5.350210801099865,10
core,blis,float,THIN,20000,20000,20000,8,8,close,default,,16.815609707900002,0.26331623862966785,951.7001247000001,14.423480602876861,10
core,blis,float,THIN,20000,20000,20000,8,8,spread,default,,16.6959540408,0.11766748096888262,958.3589808,6.775291681901403,10
core,blis,float,THIN,20000,20000,20000,9,9,close,default,,14.723456195,0.1472694277801218,1086.7988306,10.826781922882027,10
core,blis,float,THIN,20000,20000,20000,9,9,spread,default,,14.820428933799999,0.18016637805676528,1079.7341668,13.096815212161967,10
core,blis,float,THIN,20000,20000,20000,10,10,close,default,,13.886935733300001,0.05670230216056225,1152.1792504999999,4.687354764377939,10
core,blis,float,THIN,20000,20000,20000,10,10,spread,default,,13.9724683309,0.06613620580902695,1145.1321031,5.410512800547819,10
core,blis,float,THIN,20000,20000,20000,11,11,close,default,,11.9468993758,0.07109075999127902,1339.3019921,7.910695510746231,10
core,blis,float,THIN,20000,20000,20000,11,11,spread,default,,11.9561370447,0.05781541443873824,1338.2528132,6.419652711939102,10
core,blis,float,THIN,20000,20000,20000,12,12,close,default,,11.3975768425,0.11224081519512542,1403.9291695,13.767019785621924,10
core,blis,float,THIN,20000,20000,20000,12,12,spread,default,,11.4550647742,0.0746805892074069,1396.8150540000001,9.030034184460348,10
core,mkl,double,EPYC,10000,10000,10000,1,1,close,default,,42.7622023545,0.06895184020719301,46.770385,0.07526156710949872,10
core,mkl,double,EPYC,10000,10000,10000,1,1,spread,default,,42.7170385147,0.1711826035681348,46.8204008,0.18738560153081812,10
core,mkl,double,EPYC,10000,10000,10000,2,2,close,default,,22.0530220837,0.03705100761989753,90.69074859999999,0.1524013898261224,10
core,mkl,double,EPYC,10000,10000,10000,2,2,spread,default,,22.0033270393,0.07227578097612922,90.896227,0.2983750358655634,10
core,mkl,double,EPYC,10000,10000,10000,3,3,close,default,,14.798628116500002,0.05776431873817313,135.1495167,0.5278193038581953,10
core,mkl,double,EPYC,10000,10000,10000,3,3,spread,default,,14.8278629822,0.08444367346547511,134.8851474,0.7695546155104249,10
core,mkl,double,EPYC,10000,10000,10000,4,4,close,default,,11.1766656149,0.041352909528755415,178.9464404,0.6590253739323704,10
core,mkl,double,EPYC,10000,10000,10000,4,4,spread,default,,11.157588844500001,0.051206493388213016,179.2535967,0.8230402365328254,10
core,mkl,double,EPYC,10000,10000,10000,5,5,close,default,,8.877916046600001,0.0368530283862248,225.281589,0.9356645279626449,10
core,mkl,double,EPYC,10000,10000,10000,5,5,spread,default,,8.873138942,0.03382827098575666,225.4023248,0.858788504124505,10
core,mkl,double,EPYC,10000,10000,10000,6,6,close,default,,7.390092655699999,0.011620161895901818,270.6332036,0.42564415753568363,10
core,mkl,double,EPYC,10000,10000,10000,6,6,spread,default,,7.382038515,0.016836131596773985,270.92914099999996,0.6173513469018638,10
core,mkl,double,EPYC,10000,10000,10000,7,7,close,default,,6.424830440399999,0.023512105079794,311.296009,1.137732885440756,10
core,mkl,double,EPYC,10000,10000,10000,7,7,spread,default,,6.4107742857000005,0.015798202143565223,311.9765001,0.7683552044121322,10
core,mkl,double,EPYC,10000,10000,10000,8,8,close,default,,5.8388906945,0.0253690224906294,342.53662829999996,1.486139612740733,10
core,mkl,double,EPYC,10000,10000,10000,8,8,spread,default,,5.8198912308,0.033798212245214655,343.6594834,1.9992904966237983,10
core,mkl,double,EPYC,10000,10000,10000,9,9,close,default,,5.1269150341,0.011029678876115315,390.09975629999997,0.8366753245795058,10
core,mkl,double,EPYC,10000,10000,10000,9,9,spread,default,,5.1188029981,0.01954217355889823,390.72143769999997,1.4820792835804186,10
core,mkl,double,EPYC,10000,10000,10000,10,10,close,default,,4.6705174002,0.009997623581298489,428.21984570000006,0.9157732414360162,10
core,mkl,double,EPYC,10000,10000,10000,10,10,spread,default,,4.6624232249999995,0.015253739297236836,428.9656266,1.4058372125604848,10
core,mkl,double,EPYC,10000,10000,10000,11,11,close,default,,4.3302365967,0.00765769892753113,461.8698286,0.8176315972525953,10
core,mkl,double,EPYC,10000,10000,10000,11,11,spread,default,,4.3290236143000005,0.017537072532184474,462.0047404,1.8646905252035906,10
core,mkl,double,EPYC,10000,10000,10000,12,12,close,default,,4.1097549110000005,0.01419761694174216,486.65222969999996,1.6740443294076937,10
core,mkl,double,EPYC,10000,10000,10000,12,12,spread,default,,4.097983124200001,0.019404282914591772,488.0548114,2.3122952940660704,10
core,mkl,double,EPYC,10000,10000,10000,13,13,close,default,,3.7602142091,0.009317503095052141,531.8875353999999,1.3198858381350342,10
core,mkl,double,EPYC,10000,10000,10000,13,13,spread,default,,3.7644625443999997,0.012928251279220317,531.2899698,1.8212993996943247,10
core,mkl,double,EPYC,10000,10000,10000,14,14,close,default,,3.5522333717000003,0.005640970484870583,563.0273481,0.8933122643818618,10
core,mkl,double,EPYC,10000,10000,10000,14,14,spread,default,,3.5580721593999995,0.010179783294608806,562.1062810000001,1.6055173639037454,10
core,mkl,double,EPYC,10000,10000,10000,15,15,close,default,,3.3838841207000003,0.04841826710284548,591.1428035,8.233434098119156,10
core,mkl,double,EPYC,10000,10000,10000,15,15,spread,default,,3.3590847797000003,0.012025048272025399,595.4071423,2.1316443357806083,10
core,mkl,double,EPYC,10000,10000,10000,16,16,close,default,,3.8407302871,0.008680206503534647,520.7366962,1.1777793811503217,10
core,mkl,double,EPYC,10000,10000,10000,16,16,spread,default,,3.8395577832,0.012017429443313722,520.8979112,1.630001158794157,10
core,mkl,double,EPYC,10000,10000,10000,17,17,close,default,,3.4616722330000003,0.0471964474849106,577.8528041,7.934431742771606,10
core,mkl,double,EPYC,10000,10000,10000,17,17,spread,default,,3.4655401482999997,0.02120882597009831,577.1301295999999,3.5434232124624283,10
core,mkl,double,EPYC,10000,10000,10000,18,18,close,default,,3.6440040533,0.024304469780268165,548.8686748,3.642603550327817,10
core,mkl,double,EPYC,10000,10000,10000,18,18,spread,default,,3.6345700029,0.011732218009141353,550.2765732,1.7734832827084699,10
core,mkl,double,EPYC,10000,10000,10000,19,19,close,default,,3.3362849858,0.024340285995756567,599.49795,4.382839134097475,10
core,mkl,double,EPYC,10000,10000,10000,19,19,spread,default,,3.3638145249000004,0.03709180422153007,594.6277533,6.515172845848213,10
core,mkl,double,EPYC,10000,10000,10000,20,20,close,default,,3.7016025757,0.009432955797345472,540.3096739,1.3759040912773006,10
core,mkl,double,EPYC,10000,10000,10000,20,20,spread,default,,3.6921882222999995,0.012766054457908379,541.6900001,1.8659085010508767,10
core,mkl,double,EPYC,10000,10000,10000,21,21,close,default,,3.2670501381999997,0.0305158028926609,612.2213319,5.7453474158323505,10
core,mkl,double,EPYC,10000,10000,10000,21,21,spread,default,,3.2684343994000002,0.029137845999582385,611.9577349,5.480439520622907,10
core,mkl,double,EPYC,10000,10000,10000,22,22,close,default,,3.518290477,0.010605759304503935,568.4625505,1.7158755879695324,10
core,mkl,double,EPYC,10000,10000,10000,22,22,spread,default,,3.5212168024999997,0.014821698887067115,567.9945376,2.3921131100527324,10
core,mkl,double,EPYC,10000,10000,10000,23,23,close,default,,3.1815932661,0.02598496698603226,628.6536375,5.139027329539391,10
core,mkl,double,EPYC,10000,10000,10000,23,23,spread,default,,3.1903837615,0.04324523386364207,626.9876778,8.51289622209775,10
core,mkl,double,EPYC,10000,10000,10000,24,24,close,default,,3.6099410625,0.011243102203522851,554.030502,1.7254148412488224,10
core,mkl,double,EPYC,10000,10000,10000,24,24,spread,default,,3.62202098,0.019987528884335096,552.1929083,3.018532135522967,10
core,mkl,double,EPYC,10000,10000,10000,25,25,close,default,,3.1390430684000004,0.024659321147164192,637.1723641000001,5.0238869873502265,10
core,mkl,double,EPYC,10000,10000,10000,25,25,spread,default,,3.1559022921,0.028372055526518457,633.7794334,5.716823214158711,10
core,mkl,double,EPYC,10000,10000,10000,26,26,close,default,,3.4355674006,0.01558346744138269,582.1562264,2.634803935845737,10
core,mkl,double,EPYC,10000,10000,10000,26,26,spread,default,,3.4558930232000002,0.022980611275595725,578.7444833000001,3.8208023196887813,10
core,mkl,double,EPYC,10000,10000,10000,27,27,close,default,,3.0930139327,0.047366022615226745,646.7549634,9.902910508287787,10
core,mkl,double,EPYC,10000,10000,10000,27,27,spread,default,,3.0964600343,0.025592279427763164,645.9392442000001,5.429503819104211,10
core,mkl,double,EPYC,10000,10000,10000,28,28,close,default,,3.5128705841,0.010860803111654263,569.3398482,1.7601401038098583,10
core,mkl,double,EPYC,10000,10000,10000,28,28,spread,default,,3.5118525044,0.012035777213527223,569.5060157,1.9504447981001531,10
core,mkl,double,EPYC,10000,10000,10000,29,29,close,default,,3.0596282514000004,0.027203683827563347,653.721012,5.852210329077402,10
core,mkl,double,EPYC,10000,10000,10000,29,29,spread,default,,3.0684344599999998,0.0370523662554888,651.8838982999999,7.887366840028387,10
core,mkl,double,EPYC,10000,10000,10000,30,30,close,default,,3.3223671916,0.02182598310507681,602.0037497999999,3.9458506513660883,10
core,mkl,double,EPYC,10000,10000,10000,30,30,spread,default,,3.3302768628000003,0.013594014894909695,600.5596965,2.4571301046954646,10
core,mkl,double,EPYC,10000,10000,10000,31,31,close,default,,3.0235526149,0.02573506254529206,661.5165563,5.617771355152963,10
core,mkl,double,EPYC,10000,10000,10000,31,31,spread,default,,3.024963781,0.019459338663592885,661.1895476,4.250163386650615,10
core,mkl,double,EPYC,10000,10000,10000,32,32,close,default,,3.4965050324000004,0.04084026800317498,572.0704691,6.728188604039084,10
core,mkl,double,EPYC,10000,10000,10000,32,32,spread,default,,3.5116738835999994,0.04586470970101509,569.6170321,7.492853525200651,10
core,mkl,double,EPYC,10000,10000,10000,33,33,close,default,,2.9699766869,0.024029374484743696,673.4455959,5.443509467494725,10
core,mkl,double,EPYC,10000,10000,10000,33,33,spread,default,,3.0309732311,0.04380976603780309,659.9783851999999,9.557480498533929,10
core,mkl,double,EPYC,10000,10000,10000,34,34,close,default,,3.3350042648,0.047314132256856975,599.806519,8.391791958053863,10
core,mkl,double,EPYC,10000,10000,10000,34,34,spread,default,,3.3994687245999997,0.034446413628705465,588.3813944,5.940456937838034,10
core,mkl,double,EPYC,10000,10000,10000,35,35,close,default,,2.9585351425999997,0.026985126260867156,676.0607211,6.151730819545791,10
core,mkl,double,EPYC,10000,10000,10000,35,35,spread,default,,2.9887937767,0.026919226939278732,669.2150728,6.020055203093995,10
core,mkl,double,EPYC,10000,10000,10000,36,36,close,default,,3.3915351028000003,0.04375049062714494,589.7913424999999,7.569598375961051,10
core,mkl,double,EPYC,10000,10000,10000,36,36,spread,default,,3.4258890066,0.04917476321067374,583.8980425,8.357823674326797,10
core,mkl,double,EPYC,10000,10000,10000,37,37,close,default,,2.914811775,0.11001844547590253,687.108015,28.199180930399,10
core,mkl,double,EPYC,10000,10000,10000,37,37,spread,default,,2.9456820617000004,0.029323506551818156,679.0204304,6.756290974516279,10
core,mkl,double,EPYC,10000,10000,10000,38,38,close,default,,3.1694835338000003,0.15297730484445168,632.4944575,34.0285393017618,10
core,mkl,double,EPYC,10000,10000,10000,38,38,spread,default,,3.2762196324999997,0.037958700733008374,610.5341955,7.146698870383755,10
core,mkl,double,EPYC,10000,10000,10000,39,39,close,default,,2.8762597227,0.10046361378706367,696.1825737,26.568277440945423,10
core,mkl,double,EPYC,10000,10000,10000,39,39,spread,default,,2.9413150182,0.03218237373917742,680.0416516,7.482992960743812,10
core,mkl,double,EPYC,10000,10000,10000,40,40,close,default,,3.3224655941999997,0.16602700845468696,603.4936125,34.06222503381848,10
core,mkl,double,EPYC,10000,10000,10000,40,40,spread,default,,3.4150784793,0.043597613901069865,585.724665,7.536608527608137,10
core,mkl,double,EPYC,10000,10000,10000,41,41,close,default,,2.8968129412,0.023211907994532884,690.4535975,5.501093976546613,10
core,mkl,double,EPYC,10000,10000,10000,41,41,spread,default,,2.9110144224,0.0556242975534071,687.2709913,13.101662808630481,10
core,mkl,double,EPYC,10000,10000,10000,42,42,close,default,,3.1814421753,0.0569107277245003,628.8275497,11.295642418618275,10
core,mkl,double,EPYC,10000,10000,10000,42,42,spread,default,,3.2433832961,0.033875519069375304,616.7012662,6.5139908250521446,10
core,mkl,double,EPYC,10000,10000,10000,43,43,close,default,,2.8947368324,0.11883404851839156,692.0746601,31.554210493856402,10
core,mkl,double,EPYC,10000,10000,10000,43,43,spread,default,,2.9335964358999997,0.026643666128507968,681.8072494,6.143872695981517,10
core,mkl,double,EPYC,10000,10000,10000,44,44,close,default,,3.2662670698,0.18371624080568513,614.3385939,39.90177853860738,10
core,mkl,double,EPYC,10000,10000,10000,44,44,spread,default,,3.3678797054,0.037332474936077276,593.9110484,6.576791451951168,10
core,mkl,double,EPYC,10000,10000,10000,45,45,close,default,,2.9039264934999998,0.019044929831677267,688.7492516,4.504023781189094,10
core,mkl,double,EPYC,10000,10000,10000,45,45,spread,default,,2.8983281317,0.035147167624369494,690.1440197,8.341019382677535,10
core,mkl,double,EPYC,10000,10000,10000,46,46,close,default,,3.1037126704999998,0.020473957063031466,644.4147717,4.24893567025717,10
core,mkl,double,EPYC,10000,10000,10000,46,46,spread,default,,3.129610436,0.021288685319671923,639.0839278000001,4.370170159785875,10
core,mkl,double,EPYC,10000,10000,10000,47,47,close,default,,2.9327511482,0.018318618067199664,681.9776985999999,4.299294362147551,10
core,mkl,double,EPYC,10000,10000,10000,47,47,spread,default,,2.9393037452,0.01855241722776985,680.4577646,4.315643029080433,10
core,mkl,double,EPYC,10000,10000,10000,48,48,close,default,,3.2986102856,0.015760546829149583,606.3284334,2.905087939460324,10
core,mkl,double,EPYC,10000,10000,10000,48,48,spread,default,,3.3171944836000002,0.030081274253335368,602.9637144000001,5.463433369278385,10
core,mkl,double,EPYC,10000,10000,10000,49,49,close,default,,2.9117800175,0.03691619741990967,686.9621721000001,8.510413736646289,10
core,mkl,double,EPYC,10000,10000,10000,49,49,spread,default,,2.9043812546,0.024588417998909786,688.6590497999999,5.804098297519209,10
core,mkl,double,EPYC,10000,10000,10000,50,50,close,default,,3.1065492334,0.03274201134635138,643.8654096,6.773475103940975,10
core,mkl,double,EPYC,10000,10000,10000,50,50,spread,default,,3.1109225207,0.027465449113585318,642.9411298,5.665554552762705,10
core,mkl,double,EPYC,10000,10000,10000,51,51,close,default,,2.8717756899,0.037894512716003276,696.5415049999999,9.11870372767806,10
core,mkl,double,EPYC,10000,10000,10000,51,51,spread,default,,2.8943041995999996,0.03314553835562235,691.0939747,7.917915732048285,10
core,mkl,double,EPYC,10000,10000,10000,52,52,close,default,,3.2467952411,0.27120083164010633,620.4026979,58.69110099781979,10
core,mkl,double,EPYC,10000,10000,10000,52,52,spread,default,,3.4090321889000004,0.04792297804114124,586.7804135,8.192434138017013,10
core,mkl,double,EPYC,10000,10000,10000,53,53,close,default,,2.8607684929,0.1826320081898646,701.9379918,49.17741303993569,10
core,mkl,double,EPYC,10000,10000,10000,53,53,spread,default,,2.9522778369,0.043473637405938174,677.5746397,9.93327911829096,10
core,mkl,double,EPYC,10000,10000,10000,54,54,close,default,,3.1234510094,0.03597231286442124,640.3930365,7.298428535294578,10
core,mkl,double,EPYC,10000,10000,10000,54,54,spread,default,,3.1287869207,0.03170058384861492,639.2841506,6.445622428571939,10
core,mkl,double,EPYC,10000,10000,10000,55,55,close,default,,2.9925323008999998,0.14590624702167562,669.9519075999999,36.9685179509877,10
core,mkl,double,EPYC,10000,10000,10000,55,55,spread,default,,3.0357425720999998,0.0443398462918257,658.9441072,9.640082653401658,10
core,mkl,double,EPYC,10000,10000,10000,56,56,close,default,,3.3074941171,0.2040718212021167,607.1419337,44.213626122837056,10
core,mkl,double,EPYC,10000,10000,10000,56,56,spread,default,,3.444537108,0.053862446307763004,580.7576412000001,9.102959685585356,10
core,mkl,double,EPYC,10000,10000,10000,57,57,close,default,,2.8862999698,0.17127708709051137,695.3339452,45.04278932905183,10
core,mkl,double,EPYC,10000,10000,10000,57,57,spread,default,,2.9912954028,0.019769770584879717,668.6329747,4.425774534661047,10
core,mkl,double,EPYC,10000,10000,10000,58,58,close,default,,2.9157603315,0.20941666851403934,689.3106685,52.35480122127861,10
core,mkl,double,EPYC,10000,10000,10000,58,58,spread,default,,3.0802681506,0.02513840778829365,649.3330909,5.3058457555722836,10
core,mkl,double,EPYC,10000,10000,10000,59,59,close,default,,2.955192351,0.0919828498115636,677.4092652,22.65228536964305,10
core,mkl,double,EPYC,10000,10000,10000,59,59,spread,default,,3.0131660107,0.04102651397033397,663.8634883,8.962687382322114,10
core,mkl,double,EPYC,10000,10000,10000,60,60,close,default,,3.168589866,0.26922016519128045,635.6394142,58.1145433503303,10
core,mkl,double,EPYC,10000,10000,10000,60,60,spread,default,,3.3842311932999998,0.047053921074429975,591.0785756,8.18412227986569,10
core,mkl,double,EPYC,10000,10000,10000,61,61,close,default,,3.075003481,0.21254597498752717,652.8258459,38.937311370604064,10
core,mkl,double,EPYC,10000,10000,10000,61,61,spread,default,,2.9645541517000003,0.017068906920262535,674.6578456,3.887382476872376,10
core,mkl,double,EPYC,10000,10000,10000,62,62,close,default,,3.0233264453,0.21853737481877486,664.8311129,50.980212696120624,10
core,mkl,double,EPYC,10000,10000,10000,62,62,spread,default,,3.0734560978000003,0.05637942315687376,650.9238778,11.549613594548482,10
core,mkl,double,EPYC,10000,10000,10000,63,63,close,default,,2.9939995825,0.055778959620584184,668.2114797,12.448548118459188,10
core,mkl,double,EPYC,10000,10000,10000,63,63,spread,default,,2.971938251,0.03268044112879048,673.0343002,7.357577438124288,10
core,mkl,double,EPYC,10000,10000,10000,64,64,close,default,,2.9822221288999997,0.2800786926164763,675.8146727999999,61.21311539594802,10
core,mkl,double,EPYC,10000,10000,10000,64,64,spread,default,,3.2763775287000003,0.1836909483623708,612.4422777,39.88167242151488,10
core,mkl,double,EPYC,20000,20000,20000,1,1,close,default,,341.15043563300003,1.0222746531403637,46.9005105,0.14085084863567354,10
core,mkl,double,EPYC,20000,20000,20000,1,1,spread,default,,340.6302127669,1.1517600838917401,46.9722413,0.15881726915760136,10
core,mkl,double,EPYC,20000,20000,20000,2,2,close,default,,172.7591583208,0.341175855363241,92.61480739999999,0.18294532938753363,10
core,mkl,double,EPYC,20000,20000,20000,2,2,spread,default,,172.6742036957,0.2726402054093822,92.660256,0.14627899465974534,10
core,mkl,double,EPYC,20000,20000,20000,3,3,close,default,,115.70772521629999,0.35911342570832183,138.2806415,0.4283978116637406,10
core,mkl,double,EPYC,20000,20000,20000,3,3,spread,default,,115.5234884839,0.1251342364531972,138.50011890000002,0.15011004788225707,10
core,mkl,double,EPYC,20000,20000,20000,4,4,close,default,,87.2708531503,0.143097173670929,183.3377143,0.30061647162014277,10
core,mkl,double,EPYC,20000,20000,20000,4,4,spread,default,,87.2148632925,0.10240198651687842,183.45519629999998,0.21552971051190006,10
core,mkl,double,EPYC,20000,20000,20000,5,5,close,default,,69.7790438881,0.11354648625064509,229.2957484,0.37268075496333425,10
core,mkl,double,EPYC,20000,20000,20000,5,5,spread,default,,69.6977166568,0.11493122222676783,229.5633182,0.3781486755740389,10
core,mkl,double,EPYC,20000,20000,20000,6,6,close,default,,58.5718365727,0.08199520144803801,273.1693103,0.3822535854296022,10
core,mkl,double,EPYC,20000,20000,20000,6,6,spread,default,,58.411216528800004,0.20290674342176634,273.922973,0.9532887274650954,10
core,mkl,double,EPYC,20000,20000,20000,7,7,close,default,,50.2441481463,0.16925072523869064,318.4483112,1.0774169863158682,10
core,mkl,double,EPYC,20000,20000,20000,7,7,spread,default,,50.262039816,0.07443238748359463,318.3323178,0.4723038259735944,10
core,mkl,double,EPYC,20000,20000,20000,8,8,close,default,,45.355202798099995,0.40490135510049313,352.7962295,3.1407864200376276,10
core,mkl,double,EPYC,20000,20000,20000,8,8,spread,default,,45.5289829833,0.4769997239338333,351.4593875,3.700191230758853,10
core,mkl,double,EPYC,20000,20000,20000,9,9,close,default,,39.8177824098,0.5548282033997284,401.9004165,5.574040294577679,10
core,mkl,double,EPYC,20000,20000,20000,9,9,spread,default,,39.9774897331,0.5619710134568785,400.2966703,5.64694268752873,10
core,mkl,double,EPYC,20000,20000,20000,10,10,close,default,,35.9387622621,0.48595494590320215,445.2743773,5.967730938992318,10
core,mkl,double,EPYC,20000,20000,20000,10,10,spread,default,,35.9905223362,0.4397745629360016,444.62065359999997,5.380463263405689,10
core,mkl,double,EPYC,20000,20000,20000,11,11,close,default,,33.4373288698,0.5693606829254841,478.6309921,8.083514125493442,10
core,mkl,double,EPYC,20000,20000,20000,11,11,spread,default,,33.5086185177,0.4649509460672336,477.570942,6.553924585787715,10
core,mkl,double,EPYC,20000,20000,20000,12,12,close,default,,31.0040910393,0.44943061571525783,516.1573837,7.393391815186482,10
core,mkl,double,EPYC,20000,20000,20000,12,12,spread,default,,30.9790147456,0.4947746198068174,516.5956229999999,8.137192573103327,10
core,mkl,double,EPYC,20000,20000,20000,13,13,close,default,,28.571342093,0.34575084452010957,560.0748494,6.716946475336246,10
core,mkl,double,EPYC,20000,20000,20000,13,13,spread,default,,28.548270910999996,0.3728499650635987,560.5393784,7.241646808944483,10
core,mkl,double,EPYC,20000,20000,20000,14,14,close,default,,26.7941926678,0.3766248425642549,597.2495038,8.314599852583326,10
core,mkl,double,EPYC,20000,20000,20000,14,14,spread,default,,26.766845926000002,0.34287877145394724,597.8416655999999,7.56917830110117,10
core,mkl,double,EPYC,20000,20000,20000,15,15,close,default,,25.7612513202,0.3680674631647143,621.2007369999999,8.779584619514585,10
core,mkl,double,EPYC,20000,20000,20000,15,15,spread,default,,25.660348650000003,0.34782789239288997,623.632069,8.357744614018664,10
core,mkl,double,EPYC,20000,20000,20000,16,16,close,default,,28.372558269000002,0.16862772316195954,563.9430322999999,3.337737631093904,10
core,mkl,double,EPYC,20000,20000,20000,16,16,spread,default,,28.306126250699997,0.16438509506569263,565.2658038,3.2796610343787522,10
core,mkl,double,EPYC,20000,20000,20000,17,17,close,default,,26.826547318899998,0.26379280090791923,596.4760235,5.864447409760221,10
core,mkl,double,EPYC,20000,20000,20000,17,17,spread,default,,26.6886788664,0.33613553963687065,599.5889021,7.390629083608469,10
core,mkl,double,EPYC,20000,20000,20000,18,18,close,default,,27.046859406,0.147014181136191,591.5816472,3.216939193880862,10
core,mkl,double,EPYC,20000,20000,20000,18,18,spread,default,,26.7765733377,0.26665096586986287,597.5906717,5.960862383762914,10
core,mkl,double,EPYC,20000,20000,20000,19,19,close,default,,26.8057883162,0.30731415939305773,596.9563175000001,6.814358694566815,10
core,mkl,double,EPYC,20000,20000,20000,19,19,spread,default,,26.4953428293,0.2735783113474424,603.937468,6.215467885645619,10
core,mkl,double,EPYC,20000,20000,20000,20,20,close,default,,27.074806200799998,0.26676311001992925,591.0072219,5.85638880792205,10
core,mkl,double,EPYC,20000,20000,20000,20,20,spread,default,,27.1915240978,0.103428382005402,588.4263238000001,2.2406234763264194,10
core,mkl,double,EPYC,20000,20000,20000,21,21,close,default,,26.082016976800002,0.5352049746224476,613.6856395,12.79093981865971,10
core,mkl,double,EPYC,20000,20000,20000,21,21,spread,default,,25.868339724200002,0.09390721020288512,618.5240278,2.244263320131704,10
core,mkl,double,EPYC,20000,20000,20000,22,22,close,default,,26.641551776799997,0.13443410641983558,600.5794206,3.0393767083183887,10
core,mkl,double,EPYC,20000,20000,20000,22,22,spread,default,,26.5728902947,0.1644464136428399,602.1380439000001,3.7039418828928423,10
core,mkl,double,EPYC,20000,20000,20000,23,23,close,default,,26.4265490581,0.08184344458741434,605.4569604000001,1.8744083935027296,10
core,mkl,double,EPYC,20000,20000,20000,23,23,spread,default,,26.1833100143,0.29112772163107703,611.1450590000001,6.872487114739041,10
core,mkl,double,EPYC,20000,20000,20000,24,24,close,default,,26.436573107999997,0.4019717363849532,605.3495377,9.308753260833422,10
core,mkl,double,EPYC,20000,20000,20000,24,24,spread,default,,26.485728506099996,0.33956143765673347,604.1901991,7.911323272001141,10
core,mkl,double,EPYC,20000,20000,20000,25,25,close,default,,25.525115177500002,0.28411819204998995,626.9031688,6.943956271047018,10
core,mkl,double,EPYC,20000,20000,20000,25,25,spread,default,,25.0920118584,0.32265852458412214,637.7481539,8.211190937636605,10
core,mkl,double,EPYC,20000,20000,20000,26,26,close,default,,25.693918948700002,0.0989304567668844,622.7237527,2.3993429554735584,10
core,mkl,double,EPYC,20000,20000,20000,26,26,spread,default,,25.6812118889,0.09453100561641845,623.0311322,2.286309425842997,10
core,mkl,double,EPYC,20000,20000,20000,27,27,close,default,,25.1233997871,0.27770226173240053,636.9258428,6.973067885396078,10
core,mkl,double,EPYC,20000,20000,20000,27,27,spread,default,,25.0553560305,0.12349911445060835,638.5999998,3.1521947493608,10
core,mkl,double,EPYC,20000,20000,20000,28,28,close,default,,25.1298704831,0.9214194478899499,637.4712578,23.60178999383355,10
core,mkl,double,EPYC,20000,20000,20000,28,28,spread,default,,25.4781907004,0.8245849450869721,628.606941,21.248056132007562,10
core,mkl,double,EPYC,20000,20000,20000,29,29,close,default,,24.0533485434,0.36423481357258025,665.3256029,10.09361008737626,10
core,mkl,double,EPYC,20000,20000,20000,29,29,spread,default,,24.1997352423,0.19940074738004193,661.2047107000001,5.455001153968704,10
core,mkl,double,EPYC,20000,20000,20000,30,30,close,default,,24.581693421,0.6501981256798747,651.3050814000001,17.399738951598394,10
core,mkl,double,EPYC,20000,20000,20000,30,30,spread,default,,24.7379324792,0.37743801183275505,646.9154693,9.865783370317768,10
core,mkl,double,EPYC,20000,20000,20000,31,31,close,default,,23.780617931800002,0.2688867303572241,672.8938543,7.569234035872255,10
core,mkl,double,EPYC,20000,20000,20000,31,31,spread,default,,23.765158499200002,0.22720477730379504,673.3100983,6.461592189693369,10
core,mkl,double,EPYC,20000,20000,20000,32,32,close,default,,24.098034623,1.1871449130412812,665.4129691,32.91258402550825,10
core,mkl,double,EPYC,20000,20000,20000,32,32,spread,default,,24.791211619400002,0.771350634180083,645.967484,20.62759709165051,10
core,mkl,double,EPYC,20000,20000,20000,33,33,close,default,,23.4331049977,0.5104909506529127,683.0851647000001,14.817401954943287,10
core,mkl,double,EPYC,20000,20000,20000,33,33,spread,default,,23.3814869102,0.6849580993471214,684.8404869,20.423950259729004,10
core,mkl,double,EPYC,20000,20000,20000,34,34,close,default,,24.260183967,0.7471070804843315,660.0850539,20.505691698775536,10
core,mkl,double,EPYC,20000,20000,20000,34,34,spread,default,,24.4067036546,0.3868335590953641,655.7047801,10.318664638420888,10
core,mkl,double,EPYC,20000,20000,20000,35,35,close,default,,23.248245275400002,0.29045052927031983,688.3206934,8.60119331027968,10
core,mkl,double,EPYC,20000,20000,20000,35,35,spread,default,,23.2171022821,0.35073793712497914,689.2883851,10.387838185303616,10
core,mkl,double,EPYC,20000,20000,20000,36,36,close,default,,23.954703263299997,1.3480753990820442,669.8563189,38.11110192169959,10
core,mkl,double,EPYC,20000,20000,20000,36,36,spread,default,,24.6466903404,0.7221310252903007,649.6860643,19.411225562181496,10
core,mkl,double,EPYC,20000,20000,20000,37,37,close,default,,22.9893349717,0.5714053737095135,696.3664928000001,17.50705297329286,10
core,mkl,double,EPYC,20000,20000,20000,37,37,spread,default,,22.9622827051,0.521814424095887,697.1205387,15.926808268060972,10
core,mkl,double,EPYC,20000,20000,20000,38,38,close,default,,23.9951002321,0.9093420500116908,667.7053603,26.466711484961877,10
core,mkl,double,EPYC,20000,20000,20000,38,38,spread,default,,23.9444528251,0.3757735472791079,668.3624952,10.56935214285705,10
core,mkl,double,EPYC,20000,20000,20000,39,39,close,default,,22.5551315418,0.7650388716369535,710.1308163,24.829818913476572,10
core,mkl,double,EPYC,20000,20000,20000,39,39,spread,default,,22.4096360677,0.653361664998924,714.5276025999999,20.92672580956112,10
core,mkl,double,EPYC,20000,20000,20000,40,40,close,default,,24.3385266393,0.7134843782481779,657.9112872,19.614214298191172,10
core,mkl,double,EPYC,20000,20000,20000,40,40,spread,default,,24.7196416849,0.3298274695751101,647.3630234,8.698248096577672,10
core,mkl,double,EPYC,20000,20000,20000,41,41,close,default,,21.7169809117,0.717421232091296,737.4701806,24.204062444310832,10
core,mkl,double,EPYC,20000,20000,20000,41,41,spread,default,,22.0196545562,0.5335496177141645,727.0122211,17.824100350069916,10
core,mkl,double,EPYC,20000,20000,20000,42,42,close,default,,23.5277641029,1.0358600564505918,681.2459965,30.247067912426928,10
core,mkl,double,EPYC,20000,20000,20000,42,42,spread,default,,23.4962097914,0.8459440180419687,681.7709537,25.012037227655426,10
core,mkl,double,EPYC,20000,20000,20000,43,43,close,default,,21.8147679532,0.7901420710529607,734.3261893,26.944012147328078,10
core,mkl,double,EPYC,20000,20000,20000,43,43,spread,default,,22.2627138448,0.25543175132032075,718.7755208,8.238071106270166,10
core,mkl,double,EPYC,20000,20000,20000,44,44,close,default,,23.5878046429,1.0008847297792751,679.4357828,29.315120217312877,10
core,mkl,double,EPYC,20000,20000,20000,44,44,spread,default,,24.4418751571,0.1703123295854268,654.6429163,4.569645185417434,10
core,mkl,double,EPYC,20000,20000,20000,45,45,close,default,,22.0606379156,0.7745579802344443,726.0854747999999,25.69855874718953,10
core,mkl,double,EPYC,20000,20000,20000,45,45,spread,default,,22.2020757567,0.6048666628408524,721.1492064,20.23384029670039,10
core,mkl,double,EPYC,20000,20000,20000,46,46,close,default,,23.0133408342,0.7391170229512635,695.8994198,22.50757912534145,10
core,mkl,double,EPYC,20000,20000,20000,46,46,spread,default,,23.2229460398,0.7481454344005398,689.6338313,22.76881221734663,10
core,mkl,double,EPYC,20000,20000,20000,47,47,close,default,,21.6641165585,0.4118601104452079,738.7886525,14.039860675448315,10
core,mkl,double,EPYC,20000,20000,20000,47,47,spread,default,,21.9096362612,0.40001079363698755,730.4962183,13.631211178650757,10
core,mkl,double,EPYC,20000,20000,20000,48,48,close,default,,23.6477583255,1.4808405061827319,679.1413642,45.1765819621901,10
core,mkl,double,EPYC,20000,20000,20000,48,48,spread,default,,23.732197298,1.136865869958616,675.6774547,34.55214214649787,10
core,mkl,double,EPYC,20000,20000,20000,49,49,close,default,,21.7387426841,1.0775704534798605,737.6490296,36.72056400484171,10
core,mkl,double,EPYC,20000,20000,20000,49,49,spread,default,,22.6985842727,0.5059302920641122,705.2053692000001,15.737371692707644,10
core,mkl,double,EPYC,20000,20000,20000,50,50,close,default,,22.5521604531,1.073150979925817,710.9082205,33.680781659010236,10
core,mkl,double,EPYC,20000,20000,20000,50,50,spread,default,,22.7270740754,1.055504631715458,705.3924178,33.181469720451744,10
core,mkl,double,EPYC,20000,20000,20000,51,51,close,default,,20.8423036513,1.0167090061644848,769.3408022,38.09647342655798,10
core,mkl,double,EPYC,20000,20000,20000,51,51,spread,default,,21.1409777227,0.8839443418045093,758.0132239,31.610584410427574,10
core,mkl,double,EPYC,20000,20000,20000,52,52,close,default,,23.6760463129,1.0555888526747894,677.1078014,32.91157886987124,10
core,mkl,double,EPYC,20000,20000,20000,52,52,spread,default,,23.3799973422,1.3207146571362887,686.4501415,41.41861685814491,10
core,mkl,double,EPYC,20000,20000,20000,53,53,close,default,,21.56806659,1.0086140240558115,743.328773,35.47111723385024,10
core,mkl,double,EPYC,20000,20000,20000,53,53,spread,default,,21.5859909028,1.102234138882565,742.9465037,37.55508153847576,10
core,mkl,double,EPYC,20000,20000,20000,54,54,close,default,,22.7376099702,1.3984443620185059,706.3053512,47.49552956649894,10
core,mkl,double,EPYC,20000,20000,20000,54,54,spread,default,,23.3198186433,0.5395862364323482,686.4514702,16.323792415633502,10
core,mkl,double,EPYC,20000,20000,20000,55,55,close,default,,22.1640530141,1.1989709560647883,723.8240638999999,39.74277180661733,10
core,mkl,double,EPYC,20000,20000,20000,55,55,spread,default,,23.071653541099998,0.4423859187074792,693.7217223,13.333204065465864,10
core,mkl,double,EPYC,20000,20000,20000,56,56,close,default,,22.351277464699997,2.0591738609264634,721.2490645,65.24647679755225,10
core,mkl,double,EPYC,20000,20000,20000,56,56,spread,default,,23.5024818465,1.5022060264862656,683.478466,46.976627450755636,10
core,mkl,double,EPYC,20000,20000,20000,57,57,close,default,,20.6739003747,0.9166414877041101,775.2496646,33.26094546629292,10
core,mkl,double,EPYC,20000,20000,20000,57,57,spread,default,,21.2864851287,0.8409134244347996,752.7410483,30.68137996672293,10
core,mkl,double,EPYC,20000,20000,20000,58,58,close,default,,22.843752186,0.6679884073639492,700.973909,21.426017572763797,10
core,mkl,double,EPYC,20000,20000,20000,58,58,spread,default,,22.8661392065,0.9164009976232935,700.8382739000001,30.888412326675542,10
core,mkl,double,EPYC,20000,20000,20000,59,59,close,default,,21.6189047045,1.2927986179277509,742.6189803999999,46.96664380836347,10
core,mkl,double,EPYC,20000,20000,20000,59,59,spread,default,,22.0593638887,0.2964777069832317,725.4334598,9.747124127977074,10
core,mkl,double,EPYC,20000,20000,20000,60,60,close,default,,23.4501961326,1.28092514561046,684.2824925,40.45107969021282,10
core,mkl,double,EPYC,20000,20000,20000,60,60,spread,default,,24.036042844,0.5744274923224825,666.0272990999999,16.756081792273974,10
core,mkl,double,EPYC,20000,20000,20000,61,61,close,default,,21.852287097199998,0.8145011387815613,733.1345473,28.217103727624572,10
core,mkl,double,EPYC,20000,20000,20000,61,61,spread,default,,22.018218621,0.2989343830980656,726.7927609999999,9.96898115388844,10
core,mkl,double,EPYC,20000,20000,20000,62,62,close,default,,22.6236367585,0.6743767866186251,707.7943301,21.228817688412644,10
core,mkl,double,EPYC,20000,20000,20000,62,62,spread,default,,22.662435609299997,0.7462866633616432,706.7118723,23.544562075152662,10
core,mkl,double,EPYC,20000,20000,20000,63,63,close,default,,21.8342882667,0.7783196894127874,733.642057,26.49266082549066,10
core,mkl,double,EPYC,20000,20000,20000,63,63,spread,default,,21.9541699159,0.588091904857828,729.275165,20.094141044366456,10
core,mkl,double,EPYC,20000,20000,20000,64,64,close,default,,22.8413524312,1.2958139291950128,702.6114488000001,41.726962846736136,10
core,mkl,double,EPYC,20000,20000,20000,64,64,spread,default,,23.7915038445,0.3042585577025155,672.6088615,8.678278600411373,10
core,mkl,double,THIN,10000,10000,10000,1,1,close,default,,30.2919866908,0.11050934605638697,66.0248516,0.24058473051907103,10
core,mkl,double,THIN,10000,10000,10000,1,1,spread,default,,30.2588393338,0.10284347898057472,66.09707510000001,0.22444703218178377,10
core,mkl,double,THIN,10000,10000,10000,2,2,close,default,,15.7496270332,0.02342118307815357,126.98738699999998,0.1889613467023218,10
core,mkl,double,THIN,10000,10000,10000,2,2,spread,default,,15.765109809399998,0.02321659768359229,126.86266880000001,0.18685980550717146,10
core,mkl,double,THIN,10000,10000,10000,3,3,close,default,,10.1885413033,0.0629379893234094,196.30571,1.2152093128564767,10
core,mkl,double,THIN,10000,10000,10000,3,3,spread,default,,10.1768248417,0.045313942185049395,196.5284586,0.8753857043463998,10
core,mkl,double,THIN,10000,10000,10000,4,4,close,default,,7.5532018571999995,0.017879157455435828,264.78969889999996,0.6243386338156344,10
core,mkl,double,THIN,10000,10000,10000,4,4,spread,default,,7.5509752816,0.015088142043995266,264.8673996,0.5292860533007818,10
core,mkl,double,THIN,10000,10000,10000,5,5,close,default,,6.0242329924,0.010005634451249823,331.9932965,0.5518364775783253,10
core,mkl,double,THIN,10000,10000,10000,5,5,spread,default,,6.0083512874,0.0035614832717616746,332.8701231,0.19724868760719352,10
core,mkl,double,THIN,10000,10000,10000,6,6,close,default,,5.0036802868,0.03068826928429141,399.7193248,2.4513558222188783,10
core,mkl,double,THIN,10000,10000,10000,6,6,spread,default,,4.993927401300001,0.027590671836083325,400.4973869,2.2098622335814553,10
core,mkl,double,THIN,10000,10000,10000,7,7,close,default,,4.2808748749,0.02307423137420249,467.2064164,2.514096358882628,10
core,mkl,double,THIN,10000,10000,10000,7,7,spread,default,,4.2671145077,0.019118955723361964,468.70922069999995,2.0872288780448907,10
core,mkl,double,THIN,10000,10000,10000,8,8,close,default,,3.7453490821,0.020653948526161748,534.0101969,2.9373646016814714,10
core,mkl,double,THIN,10000,10000,10000,8,8,spread,default,,3.7287371091,0.005322056613385322,536.3756134,0.762880795861371,10
core,mkl,double,THIN,10000,10000,10000,9,9,close,default,,3.3204657507999995,0.012227628700917722,602.3324285000001,2.1989757797950404,10
core,mkl,double,THIN,10000,10000,10000,9,9,spread,default,,3.3143203092,0.0021707551204433436,603.4422099000001,0.395087911847601,10
core,mkl,double,THIN,10000,10000,10000,10,10,close,default,,2.9943069757,0.015523648432772196,667.9503196,3.4571978356817925,10
core,mkl,double,THIN,10000,10000,10000,10,10,spread,default,,2.980679959,0.006651146235871579,670.9908308,1.4904894598824545,10
core,mkl,double,THIN,10000,10000,10000,11,11,close,default,,2.7288598979,0.011184667782028552,732.9179053,3.0081200896290357,10
core,mkl,double,THIN,10000,10000,10000,11,11,spread,default,,2.7161361954,0.0010191932978091205,736.3401941,0.2762879021759091,10
core,mkl,double,THIN,10000,10000,10000,12,12,close,default,,2.5040791477999997,0.01060736172569769,798.7096561999999,3.3724060341537383,10
core,mkl,double,THIN,10000,10000,10000,12,12,spread,default,,2.4962131876,0.007942949876593457,801.220865,2.5304859911292046,10
core,mkl,double,THIN,20000,20000,20000,1,1,close,default,,241.1557897703,1.1880667075717872,66.3486041,0.3273675336330534,10
core,mkl,double,THIN,20000,20000,20000,1,1,spread,default,,241.5771930973,1.2190754325707345,66.23293179999999,0.33336932623936344,10
core,mkl,double,THIN,20000,20000,20000,2,2,close,default,,121.2150304799,0.5950655227950612,131.9996919,0.6473142748266302,10
core,mkl,double,THIN,20000,20000,20000,2,2,spread,default,,121.1557417444,0.5679610607001697,132.0640292,0.6170336915412797,10
core,mkl,double,THIN,20000,20000,20000,3,3,close,default,,80.1468384164,0.23309651195327125,199.6350985,0.5814561934890016,10
core,mkl,double,THIN,20000,20000,20000,3,3,spread,default,,80.0222633803,0.2052100618430905,199.9455371,0.5112982842728157,10
core,mkl,double,THIN,20000,20000,20000,4,4,close,default,,59.6366450364,0.14360664524897782,268.29281890000004,0.6469290070619017,10
core,mkl,double,THIN,20000,20000,20000,4,4,spread,default,,59.686460199299994,0.12637580087585565,268.0685802,0.568351503107177,10
core,mkl,double,THIN,20000,20000,20000,5,5,close,default,,47.4022069912,0.03487797569382712,337.53719110000003,0.24841372215293606,10
core,mkl,double,THIN,20000,20000,20000,5,5,spread,default,,47.4598835826,0.0404495322220629,337.1270481,0.2871767085226196,10
core,mkl,double,THIN,20000,20000,20000,6,6,close,default,,39.3457671445,0.10592693510664004,406.6537632,1.093806551791173,10
core,mkl,double,THIN,20000,20000,20000,6,6,spread,default,,39.4312471495,0.07835682192431874,405.771008,0.8069576048368352,10
core,mkl,double,THIN,20000,20000,20000,7,7,close,default,,33.5918824137,0.017450239943290532,476.3056648,0.24744206924576762,10
core,mkl,double,THIN,20000,20000,20000,7,7,spread,default,,33.60910698,0.03974482403385443,476.06204399999996,0.5638060722801869,10
core,mkl,double,THIN,20000,20000,20000,8,8,close,default,,29.383587369999997,0.019464270091547123,544.5218828,0.36092524533323855,10
core,mkl,double,THIN,20000,20000,20000,8,8,spread,default,,29.402801926400002,0.015556839723831001,544.1659632,0.28800145352442363,10
core,mkl,double,THIN,20000,20000,20000,9,9,close,default,,26.105437659400003,0.027178769175386266,612.8997259,0.6371702842346422,10
core,mkl,double,THIN,20000,20000,20000,9,9,spread,default,,26.111912570599998,0.017760569915903617,612.7474049,0.41702925450018136,10
core,mkl,double,THIN,20000,20000,20000,10,10,close,default,,23.4646450053,0.007745327749822503,681.8769926,0.22502431820198748,10
core,mkl,double,THIN,20000,20000,20000,10,10,spread,default,,23.4801835726,0.014428471143524904,681.4259092,0.41860664186846347,10
core,mkl,double,THIN,20000,20000,20000,11,11,close,default,,21.3441674702,0.010265271965953124,749.6194618000001,0.36055898613244375,10
core,mkl,double,THIN,20000,20000,20000,11,11,spread,default,,21.3533593294,0.005037911889325074,749.2966588,0.17680185907066498,10
core,mkl,double,THIN,20000,20000,20000,12,12,close,default,,19.5739564251,0.016014888412171,817.4131629,0.6682357074119322,10
core,mkl,double,THIN,20000,20000,20000,12,12,spread,default,,19.5772928268,0.014282555899164422,817.2737572,0.5961232470346062,10
core,mkl,float,EPYC,10000,10000,10000,1,1,close,default,,30.7007161248,0.13295225717018966,65.14615810000001,0.2817009036594409,10
core,mkl,float,EPYC,10000,10000,10000,1,1,spread,default,,31.4616050064,0.41653145914913203,63.5796168,0.8450789581429384,10
core,mkl,float,EPYC,10000,10000,10000,2,2,close,default,,16.119617538700002,0.06608475718297199,124.0743037,0.5098762128100923,10
core,mkl,float,EPYC,10000,10000,10000,2,2,spread,default,,16.4103615114,0.09668139217919218,121.87803369999999,0.7193540420035877,10
core,mkl,float,EPYC,10000,10000,10000,3,3,close,default,,16.109965940200002,0.06800579985061996,124.1487493,0.5248571976247043,10
core,mkl,float,EPYC,10000,10000,10000,3,3,spread,default,,16.370880981899997,0.07170673965318251,122.1702478,0.5359314776297405,10
core,mkl,float,EPYC,10000,10000,10000,4,4,close,default,,10.8181280283,0.03934574435580069,184.8770701,0.672534653115011,10
core,mkl,float,EPYC,10000,10000,10000,4,4,spread,default,,10.9846565246,0.09303300396190636,182.0837762,1.5256909965844407,10
core,mkl,float,EPYC,10000,10000,10000,5,5,close,default,,8.1831255411,0.015416072928589469,244.4061722,0.46061254670753354,10
core,mkl,float,EPYC,10000,10000,10000,5,5,spread,default,,8.252305912,0.05086102532636198,242.364807,1.497114576252299,10
core,mkl,float,EPYC,10000,10000,10000,6,6,close,default,,5.5936744786,0.018721956705305524,357.5503256,1.1947525544843773,10
core,mkl,float,EPYC,10000,10000,10000,6,6,spread,default,,5.647475498,0.02769991097526997,354.1481813,1.731941457170404,10
core,mkl,float,EPYC,10000,10000,10000,7,7,close,default,,5.5950596324,0.024103384815564448,357.46418589999996,1.5413410733795292,10
core,mkl,float,EPYC,10000,10000,10000,7,7,spread,default,,5.644933031,0.02650370648311424,354.3070605,1.6613846716320262,10
core,mkl,float,EPYC,10000,10000,10000,8,8,close,default,,4.3399143687,0.018864734588991277,460.84646119999996,2.013121759460648,10
core,mkl,float,EPYC,10000,10000,10000,8,8,spread,default,,4.3687833139,0.03316907741464852,457.8171319,3.4787383844981306,10
core,mkl,float,EPYC,10000,10000,10000,9,9,close,default,,4.3470347775,0.02040082674655977,460.0928415,2.1559019272053632,10
core,mkl,float,EPYC,10000,10000,10000,9,9,spread,default,,4.3720040399,0.03683726734470171,457.48538799999994,3.859908407803608,10
core,mkl,float,EPYC,10000,10000,10000,10,10,close,default,,3.8860664931000004,0.011779790659675628,514.6635046,1.565827544196021,10
core,mkl,float,EPYC,10000,10000,10000,10,10,spread,default,,3.912281162,0.02062453067174903,511.2234829,2.6937951117104304,10
core,mkl,float,EPYC,10000,10000,10000,11,11,close,default,,3.5036753128,0.006495133048070743,570.8309148999999,1.0578649399602922,10
core,mkl,float,EPYC,10000,10000,10000,11,11,spread,default,,3.5486631692,0.016113952877418045,563.6029662,2.557388257005854,10
core,mkl,float,EPYC,10000,10000,10000,12,12,close,default,,3.0920283284,0.01211471474729855,646.8335008,2.5229265301709494,10
core,mkl,float,EPYC,10000,10000,10000,12,12,spread,default,,3.1108683378,0.01295964983864032,642.9173517,2.677833389840291,10
core,mkl,float,EPYC,10000,10000,10000,13,13,close,default,,3.0855549284999997,0.010867255488908226,648.1888786000001,2.2890915250189434,10
core,mkl,float,EPYC,10000,10000,10000,13,13,spread,default,,3.1073246356,0.020370298228552033,643.6653545,4.211730677087162,10
core,mkl,float,EPYC,10000,10000,10000,14,14,close,default,,2.682112772,0.020501051420006498,745.72001,5.6997254557572,10
core,mkl,float,EPYC,10000,10000,10000,14,14,spread,default,,2.7184497715,0.027209885206169702,735.7799376,7.383391735013944,10
core,mkl,float,EPYC,10000,10000,10000,15,15,close,default,,2.5775785396,0.013882341602397626,775.9423998,4.200243637715744,10
core,mkl,float,EPYC,10000,10000,10000,15,15,spread,default,,2.6090399311,0.014649839344987309,766.5873247000001,4.318791457063135,10
core,mkl,float,EPYC,10000,10000,10000,16,16,close,default,,2.5889350667,0.02733286197203299,772.5953642000001,8.099034608201183,10
core,mkl,float,EPYC,10000,10000,10000,16,16,spread,default,,2.6071088215,0.014435779680162599,767.1544541999999,4.244608987675745,10
core,mkl,float,EPYC,10000,10000,10000,17,17,close,default,,2.4867868335,0.007444247114163123,804.2571753,2.4111494106733287,10
core,mkl,float,EPYC,10000,10000,10000,17,17,spread,default,,2.5122639755000002,0.012306966578153514,796.1118667,3.896931087123541,10
core,mkl,float,EPYC,10000,10000,10000,18,18,close,default,,2.2538580617,0.014086561823186239,887.3985071,5.543445413896196,10
core,mkl,float,EPYC,10000,10000,10000,18,18,spread,default,,2.2758053242,0.014023563905431491,878.8397090000001,5.394899007310471,10
core,mkl,float,EPYC,10000,10000,10000,19,19,close,default,,2.2617983414,0.018318447479954415,884.3043551999999,7.1649287197956895,10
core,mkl,float,EPYC,10000,10000,10000,19,19,spread,default,,2.2843401483,0.017648265848023297,875.5735860999999,6.793112030381298,10
core,mkl,float,EPYC,10000,10000,10000,20,20,close,default,,2.1112096901,0.0141723594983264,947.3624497999999,6.333677767895366,10
core,mkl,float,EPYC,10000,10000,10000,20,20,spread,default,,2.1231093397,0.009693907878496692,942.032195,4.281300544209753,10
core,mkl,float,EPYC,10000,10000,10000,21,21,close,default,,2.1147943283,0.015626068462755622,945.7645872999999,6.939046362407597,10
core,mkl,float,EPYC,10000,10000,10000,21,21,spread,default,,2.1211995113,0.015463164598128793,942.9078401,6.873198086692699,10
core,mkl,float,EPYC,10000,10000,10000,22,22,close,default,,2.0263102019000003,0.018026275190120043,987.0855229000001,8.719886171600924,10
core,mkl,float,EPYC,10000,10000,10000,22,22,spread,default,,2.0343848239,0.013364165560366223,983.1362234000001,6.436238971280604,10
core,mkl,float,EPYC,10000,10000,10000,23,23,close,default,,1.9579222843,0.01345112037175821,1021.5342872000001,7.000377869327399,10
core,mkl,float,EPYC,10000,10000,10000,23,23,spread,default,,1.9689919299,0.008966760098289039,1015.7672033000001,4.637710585578646,10
core,mkl,float,EPYC,10000,10000,10000,24,24,close,default,,1.8754816403999999,0.019692604771455777,1066.4983146999998,11.172535932957162,10
core,mkl,float,EPYC,10000,10000,10000,24,24,spread,default,,1.8880411274,0.011413795463850997,1059.3337847999999,6.401056524282593,10
core,mkl,float,EPYC,10000,10000,10000,25,25,close,default,,1.8616074907000002,0.014324405778817325,1074.3974694,8.25158609752165,10
core,mkl,float,EPYC,10000,10000,10000,25,25,spread,default,,1.890280069,0.0185950459812729,1058.1365017,10.417591963702558,10
core,mkl,float,EPYC,10000,10000,10000,26,26,close,default,,1.834735865,0.006524130708328524,1090.0875496,3.869945471906089,10
core,mkl,float,EPYC,10000,10000,10000,26,26,spread,default,,1.8450102898,0.005662477119410029,1084.0139786,3.3249732461131805,10
core,mkl,float,EPYC,10000,10000,10000,27,27,close,default,,1.7177537891,0.017070769576358377,1164.4150503,11.60990569835629,10
core,mkl,float,EPYC,10000,10000,10000,27,27,spread,default,,1.7548379158,0.009626415683031743,1139.7372298999999,6.24508758734833,10
core,mkl,float,EPYC,10000,10000,10000,28,28,close,default,,1.7252310287000001,0.010293496032320573,1159.3021697,6.916466147087701,10
core,mkl,float,EPYC,10000,10000,10000,28,28,spread,default,,1.7347972938999998,0.014041424828597944,1152.9403565,9.32261624342779,10
core,mkl,float,EPYC,10000,10000,10000,29,29,close,default,,1.7217264351000001,0.011428544836341712,1161.6710412999998,7.7528305166015326,10
core,mkl,float,EPYC,10000,10000,10000,29,29,spread,default,,1.7373497131,0.011248509270928088,1151.2220281,7.434326941388898,10
core,mkl,float,EPYC,10000,10000,10000,30,30,close,default,,1.6814197788,0.02058565555883098,1189.6304104,14.472025862786635,10
core,mkl,float,EPYC,10000,10000,10000,30,30,spread,default,,1.6875838259999998,0.009432538582130353,1185.1596924,6.635354560372801,10
core,mkl,float,EPYC,10000,10000,10000,31,31,close,default,,1.680835563,0.016524137726200615,1189.9868689999998,11.58312104264163,10
core,mkl,float,EPYC,10000,10000,10000,31,31,spread,default,,1.6852326296000002,0.008734241240182688,1186.8083085,6.117280190051855,10
core,mkl,float,EPYC,10000,10000,10000,32,32,close,default,,1.6549445646999998,0.021488384412510334,1208.6815889,15.566062638782627,10
core,mkl,float,EPYC,10000,10000,10000,32,32,spread,default,,1.6257027906000001,0.01586565673624996,1230.3425677999999,12.000160951688173,10
core,mkl,float,EPYC,10000,10000,10000,33,33,close,default,,1.6399202491,0.015369850825818569,1219.667745,11.410421218902412,10
core,mkl,float,EPYC,10000,10000,10000,33,33,spread,default,,1.6305834791999998,0.014818466715801124,1226.6468116,11.250145879999346,10
core,mkl,float,EPYC,10000,10000,10000,34,34,close,default,,1.6532306817999998,0.012103666384863638,1209.8109726,8.869730094539475,10
core,mkl,float,EPYC,10000,10000,10000,34,34,spread,default,,1.6446537663,0.017123792743212046,1216.1805697,12.715309544766432,10
core,mkl,float,EPYC,10000,10000,10000,35,35,close,default,,1.5651807341,0.006609931393680071,1277.8281299,5.374182362647273,10
core,mkl,float,EPYC,10000,10000,10000,35,35,spread,default,,1.5812726164000002,0.008561369057335374,1264.8374721,6.860169122187995,10
core,mkl,float,EPYC,10000,10000,10000,36,36,close,default,,1.5730159667,0.013803509247218885,1271.5304684999999,11.08687068519421,10
core,mkl,float,EPYC,10000,10000,10000,36,36,spread,default,,1.574620814,0.010181813788004222,1270.1950552,8.247192861200501,10
core,mkl,float,EPYC,10000,10000,10000,37,37,close,default,,1.5712236505,0.006392727148528337,1272.9121867,5.16785344311542,10
core,mkl,float,EPYC,10000,10000,10000,37,37,spread,default,,1.5851135719,0.01231345698569494,1261.8075532999999,9.770651382105514,10
core,mkl,float,EPYC,10000,10000,10000,38,38,close,default,,1.6068531906,0.018008434213314602,1244.8101246,14.013834471070723,10
core,mkl,float,EPYC,10000,10000,10000,38,38,spread,default,,1.6144798477000002,0.019478522029704248,1238.9529790000001,15.094972886820093,10
core,mkl,float,EPYC,10000,10000,10000,39,39,close,default,,1.5896581277,0.01829748269283054,1258.2830213000002,14.564628547400956,10
core,mkl,float,EPYC,10000,10000,10000,39,39,spread,default,,1.5951884768,0.01181675414514983,1253.8323993,9.308660745022904,10
core,mkl,float,EPYC,10000,10000,10000,40,40,close,default,,1.5329544136,0.012179477634076733,1304.7443001,10.35782932061906,10
core,mkl,float,EPYC,10000,10000,10000,40,40,spread,default,,1.5343078448,0.013361279475941594,1303.6084583,11.367052240568388,10
core,mkl,float,EPYC,10000,10000,10000,41,41,close,default,,1.5371298274,0.007594685644096884,1301.1547556,6.405858035945753,10
core,mkl,float,EPYC,10000,10000,10000,41,41,spread,default,,1.5338835183000001,0.00786251766613982,1303.9106956,6.659780727739755,10
core,mkl,float,EPYC,10000,10000,10000,42,42,close,default,,1.5318289114,0.009015115367138326,1305.6694865,7.674684079710813,10
core,mkl,float,EPYC,10000,10000,10000,42,42,spread,default,,1.5339543241000002,0.009126334846731511,1303.8611722,7.729165486076083,10
core,mkl,float,EPYC,10000,10000,10000,43,43,close,default,,1.5266650046,0.009574635992439223,1310.0916772,8.252971498947353,10
core,mkl,float,EPYC,10000,10000,10000,43,43,spread,default,,1.531066676,0.01143418321608285,1306.3444219,9.757804813122096,10
core,mkl,float,EPYC,10000,10000,10000,44,44,close,default,,1.5022913512,0.009106159086706611,1331.3435783999998,8.046369432340969,10
core,mkl,float,EPYC,10000,10000,10000,44,44,spread,default,,1.5149955202999998,0.011413414992858539,1320.2035858,9.98046716523973,10
core,mkl,float,EPYC,10000,10000,10000,45,45,close,default,,1.5066555096,0.01166687929774377,1327.515047,10.272482232225547,10
core,mkl,float,EPYC,10000,10000,10000,45,45,spread,default,,1.4985856226,0.011791259246849714,1334.6658191000001,10.460640833957903,10
core,mkl,float,EPYC,10000,10000,10000,46,46,close,default,,1.5022496026,0.005886859403068708,1331.3550638000002,5.212295581179694,10
core,mkl,float,EPYC,10000,10000,10000,46,46,spread,default,,1.5023308715,0.009604844917531741,1331.3130347000001,8.40695457732953,10
core,mkl,float,EPYC,10000,10000,10000,47,47,close,default,,1.5393983925,0.007585515599673382,1299.2372924,6.415742663787793,10
core,mkl,float,EPYC,10000,10000,10000,47,47,spread,default,,1.5344185594,0.009711303105931596,1303.4723884999999,8.263819491946325,10
core,mkl,float,EPYC,10000,10000,10000,48,48,close,default,,1.5009897969000001,0.009146476096900892,1332.4985853,8.112700291030325,10
core,mkl,float,EPYC,10000,10000,10000,48,48,spread,default,,1.5035928756,0.009476212983144558,1330.1948444,8.382631657062428,10
core,mkl,float,EPYC,10000,10000,10000,49,49,close,default,,1.5032847844000001,0.013403440117419793,1330.5149946,11.850373665207705,10
core,mkl,float,EPYC,10000,10000,10000,49,49,spread,default,,1.5003174792,0.005327429628648526,1333.0663184,4.734064200710317,10
core,mkl,float,EPYC,10000,10000,10000,50,50,close,default,,1.4920320973999999,0.006930247442452795,1340.479702,6.211396354746865,10
core,mkl,float,EPYC,10000,10000,10000,50,50,spread,default,,1.4877727446,0.006076265112985321,1344.3114704,5.4796411153874205,10
core,mkl,float,EPYC,10000,10000,10000,51,51,close,default,,1.5092227258,0.009189540944624399,1325.2295946,8.055319782574998,10
core,mkl,float,EPYC,10000,10000,10000,51,51,spread,default,,1.5014521935,0.008959921644301351,1332.0861834,7.902226607882006,10
core,mkl,float,EPYC,10000,10000,10000,52,52,close,default,,1.5568540648,0.007521375130627893,1284.6688421000001,6.191096311539177,10
core,mkl,float,EPYC,10000,10000,10000,52,52,spread,default,,1.5641565541,0.0068376751754235824,1278.6664253,5.601284635926744,10
core,mkl,float,EPYC,10000,10000,10000,53,53,close,default,,1.5593667662,0.00898046866661913,1282.6100459000002,7.35920560040407,10
core,mkl,float,EPYC,10000,10000,10000,53,53,spread,default,,1.5653056472,0.008414368405298966,1277.7389494,6.865769658284584,10
core,mkl,float,EPYC,10000,10000,10000,54,54,close,default,,1.5337758838,0.0038118866479898354,1303.978722,3.2403770651593864,10
core,mkl,float,EPYC,10000,10000,10000,54,54,spread,default,,1.5422210029,0.004292646550991685,1296.8400526,3.615074731635357,10
core,mkl,float,EPYC,10000,10000,10000,55,55,close,default,,1.5326151193,0.008834992917480963,1304.9979678,7.497722589628295,10
core,mkl,float,EPYC,10000,10000,10000,55,55,spread,default,,1.5429688354,0.006563876048171437,1296.223623,5.527670564331656,10
core,mkl,float,EPYC,10000,10000,10000,56,56,close,default,,1.5360100232,0.004082258524604808,1302.0831356,3.469547302481902,10
core,mkl,float,EPYC,10000,10000,10000,56,56,spread,default,,1.5400979785,0.0064895068005432115,1298.6393246,5.4444647708180245,10
core,mkl,float,EPYC,10000,10000,10000,57,57,close,default,,1.5319890225,0.005774621735718002,1305.5090319,4.907619136749614,10
core,mkl,float,EPYC,10000,10000,10000,57,57,spread,default,,1.5400014316,0.006376172025991889,1298.7201049,5.3708706229911645,10
core,mkl,float,EPYC,10000,10000,10000,58,58,close,default,,1.5573184433,0.012375797362638075,1284.3316049999999,10.172085615628085,10
core,mkl,float,EPYC,10000,10000,10000,58,58,spread,default,,1.5885392995,0.02930611411479449,1259.3976121,22.851577758910146,10
core,mkl,float,EPYC,10000,10000,10000,59,59,close,default,,1.6139139076,0.02305622648266679,1239.4507634,17.678690601364856,10
core,mkl,float,EPYC,10000,10000,10000,59,59,spread,default,,1.6182468306,0.007920216912732814,1235.9320564,6.051144067502569,10
core,mkl,float,EPYC,10000,10000,10000,60,60,close,default,,1.5553322185999998,0.004345622931091013,1285.90795,3.5961151007168883,10
core,mkl,float,EPYC,10000,10000,10000,60,60,spread,default,,1.5385025179,0.0058324845973369305,1299.9822698,4.952273385083474,10
core,mkl,float,EPYC,10000,10000,10000,61,61,close,default,,1.5521254675,0.009794505442976876,1288.6020844,8.180847954697784,10
core,mkl,float,EPYC,10000,10000,10000,61,61,spread,default,,1.5379182012,0.006021739599066182,1300.4772458,5.097612149880104,10
core,mkl,float,EPYC,10000,10000,10000,62,62,close,default,,1.7301481774999998,0.03460993152792483,1156.3785341999999,22.675255425128054,10
core,mkl,float,EPYC,10000,10000,10000,62,62,spread,default,,1.6974981823,0.01993538893679798,1178.3495667,13.726532831932976,10
core,mkl,float,EPYC,10000,10000,10000,63,63,close,default,,1.5487371969,0.004763622694162099,1291.3856856,3.976221583081169,10
core,mkl,float,EPYC,10000,10000,10000,63,63,spread,default,,1.5494279868,0.005781125056700222,1290.8151665999999,4.832848399646021,10
core,mkl,float,EPYC,10000,10000,10000,64,64,close,default,,1.5536207869,0.007481998948476327,1287.3423268000001,6.2073678831959205,10
core,mkl,float,EPYC,10000,10000,10000,64,64,spread,default,,1.5484552146000001,0.006938709949031257,1291.633253,5.80419586987565,10
core,mkl,float,EPYC,20000,20000,20000,1,1,close,default,,252.0090105696,1.5276964261113506,63.4918866,0.38368752455993904,10
core,mkl,float,EPYC,20000,20000,20000,1,1,spread,default,,251.0539575395,0.9633394368672121,63.732167600000004,0.24557086934470007,10
core,mkl,float,EPYC,20000,20000,20000,2,2,close,default,,129.0439794508,0.6934442073048067,123.9919285,0.6599227295313137,10
core,mkl,float,EPYC,20000,20000,20000,2,2,spread,default,,128.6781720685,0.34805404120504346,124.3420305,0.33586657837045897,10
core,mkl,float,EPYC,20000,20000,20000,3,3,close,default,,128.51305181050003,0.5411118102943825,124.5029613,0.5246586129583128,10
core,mkl,float,EPYC,20000,20000,20000,3,3,spread,default,,128.5943875598,0.4983341130373941,124.4239107,0.4829445138571107,10
core,mkl,float,EPYC,20000,20000,20000,4,4,close,default,,86.5676351915,0.48507072782548455,184.8318059,1.0361988937055193,10
core,mkl,float,EPYC,20000,20000,20000,4,4,spread,default,,86.80321177639999,0.42217442847586334,184.3289094,0.8984200681207138,10
core,mkl,float,EPYC,20000,20000,20000,5,5,close,default,,65.58436372349999,0.24672426142275158,243.96369669999999,0.9179140059552922,10
core,mkl,float,EPYC,20000,20000,20000,5,5,spread,default,,65.46366583400001,0.3086232438052669,244.4152818,1.153298604799084,10
core,mkl,float,EPYC,20000,20000,20000,6,6,close,default,,44.8443372612,0.2202962364448184,356.7975089,1.754314148205096,10
core,mkl,float,EPYC,20000,20000,20000,6,6,spread,default,,44.696336985200006,0.23414053801238763,357.9799913,1.871260851995511,10
core,mkl,float,EPYC,20000,20000,20000,7,7,close,default,,44.7951734145,0.20791225173735473,357.18826509999997,1.6581680718507539,10
core,mkl,float,EPYC,20000,20000,20000,7,7,spread,default,,44.8039114866,0.22844047541755966,357.1200394,1.822215805921172,10
core,mkl,float,EPYC,20000,20000,20000,8,8,close,default,,34.1881879987,0.14018017138385966,468.00500009999996,1.925545612619774,10
core,mkl,float,EPYC,20000,20000,20000,8,8,spread,default,,34.2260818588,0.16004530766009134,467.4889481,2.186936519563559,10
core,mkl,float,EPYC,20000,20000,20000,9,9,close,default,,34.3265393053,0.20332883288113204,466.1263672,2.760031897236009,10
core,mkl,float,EPYC,20000,20000,20000,9,9,spread,default,,34.193986503999994,0.14435478926079087,467.92602619999997,1.972179682132773,10
core,mkl,float,EPYC,20000,20000,20000,10,10,close,default,,30.952983653799997,0.19906994548648474,516.9323307,3.3377195354000593,10
core,mkl,float,EPYC,20000,20000,20000,10,10,spread,default,,30.711474304699998,0.12258125033869037,520.9853889,2.079225957423861,10
core,mkl,float,EPYC,20000,20000,20000,11,11,close,default,,28.1081382216,0.22040574580080938,569.2618196000001,4.486325097810173,10
core,mkl,float,EPYC,20000,20000,20000,11,11,spread,default,,27.884073323000003,0.1300113455251729,573.8154733,2.6727197866687233,10
core,mkl,float,EPYC,20000,20000,20000,12,12,close,default,,24.7068053461,0.24267986778152745,647.6511094,6.363883459588189,10
core,mkl,float,EPYC,20000,20000,20000,12,12,spread,default,,24.373528048399997,0.11304701470050108,656.4626218000001,3.048138441371411,10
core,mkl,float,EPYC,20000,20000,20000,13,13,close,default,,24.705302688099998,0.19386289896396255,647.6700813,5.074674519041146,10
core,mkl,float,EPYC,20000,20000,20000,13,13,spread,default,,24.4037466737,0.11163836734169928,655.6493502000001,2.9922760831340627,10
core,mkl,float,EPYC,20000,20000,20000,14,14,close,default,,21.819594152900002,0.09791261298991352,733.2991063000001,3.2783381589571206,10
core,mkl,float,EPYC,20000,20000,20000,14,14,spread,default,,21.6898736698,0.11019275282183814,737.6886053999999,3.757710836542525,10
core,mkl,float,EPYC,20000,20000,20000,15,15,close,default,,20.801348847099998,0.1585253230920933,769.2213282,5.896221838418882,10
core,mkl,float,EPYC,20000,20000,20000,15,15,spread,default,,20.7464414441,0.13419267490685638,771.2457991,5.01623674197506,10
core,mkl,float,EPYC,20000,20000,20000,16,16,close,default,,20.863222177900003,0.20540098242993288,766.9671209,7.603073352809465,10
core,mkl,float,EPYC,20000,20000,20000,16,16,spread,default,,20.6449846784,0.12107436498223259,775.0305221000001,4.526690782785858,10
core,mkl,float,EPYC,20000,20000,20000,17,17,close,default,,19.921248613099998,0.17484144366656956,803.2186319,7.105655160780171,10
core,mkl,float,EPYC,20000,20000,20000,17,17,spread,default,,19.6871792671,0.09486064064706272,812.728717,3.935002146216587,10
core,mkl,float,EPYC,20000,20000,20000,18,18,close,default,,17.8894813172,0.1880119038231571,894.4697827,9.45916330266421,10
core,mkl,float,EPYC,20000,20000,20000,18,18,spread,default,,17.7086711691,0.10883536103119955,903.5428241,5.5411829283957825,10
core,mkl,float,EPYC,20000,20000,20000,19,19,close,default,,17.7707546894,0.19362954451675243,900.4518437999999,9.806240233318208,10
core,mkl,float,EPYC,20000,20000,20000,19,19,spread,default,,17.7282029598,0.06952809675724536,902.5292575,3.545392353784051,10
core,mkl,float,EPYC,20000,20000,20000,20,20,close,default,,16.366113681999998,0.18275641439918333,977.7399296,10.961203828334694,10
core,mkl,float,EPYC,20000,20000,20000,20,20,spread,default,,16.214847972799998,0.08599267966136932,986.7750331999999,5.260784894926473,10
core,mkl,float,EPYC,20000,20000,20000,21,21,close,default,,16.416276701999998,0.13521445074094507,974.7018162,8.00978306277593,10
core,mkl,float,EPYC,20000,20000,20000,21,21,spread,default,,16.2419701305,0.07101391119393342,985.119144,4.3139531390849495,10
core,mkl,float,EPYC,20000,20000,20000,22,22,close,default,,15.662544775399999,0.1894801732778484,1021.6800456000001,12.37091792758229,10
core,mkl,float,EPYC,20000,20000,20000,22,22,spread,default,,15.524675123200002,0.1091392621271521,1030.6629672,7.205279448980236,10
core,mkl,float,EPYC,20000,20000,20000,23,23,close,default,,14.872806063799999,0.1953434979670135,1075.9561644,14.14903015691366,10
core,mkl,float,EPYC,20000,20000,20000,23,23,spread,default,,14.702520200699999,0.13417072620293308,1088.3309449,10.001812701778965,10
core,mkl,float,EPYC,20000,20000,20000,24,24,close,default,,14.041302352299999,0.16585403172365515,1139.6382423999999,13.433576044251495,10
core,mkl,float,EPYC,20000,20000,20000,24,24,spread,default,,13.909889504,0.10190759316095369,1150.3162339,8.414225027735199,10
core,mkl,float,EPYC,20000,20000,20000,25,25,close,default,,14.068213731,0.18532881608511617,1137.4929946,14.957264776052947,10
core,mkl,float,EPYC,20000,20000,20000,25,25,spread,default,,13.9207219326,0.08384290449835846,1149.4032726,6.935566771430658,10
core,mkl,float,EPYC,20000,20000,20000,26,26,close,default,,13.7651713876,0.19712203122980992,1162.5691372,16.704676273907765,10
core,mkl,float,EPYC,20000,20000,20000,26,26,spread,default,,13.568423272999999,0.07518904840633577,1179.2410838,6.534222244252424,10
core,mkl,float,EPYC,20000,20000,20000,27,27,close,default,,12.8337443472,0.18896740769191364,1246.9554584,18.27364252785942,10
core,mkl,float,EPYC,20000,20000,20000,27,27,spread,default,,12.618812964,0.10653851366354633,1268.0288436,10.62602511533615,10
core,mkl,float,EPYC,20000,20000,20000,28,28,close,default,,12.466959402899999,0.14360235101541946,1283.5454947,14.775731041584788,10
core,mkl,float,EPYC,20000,20000,20000,28,28,spread,default,,12.41825888,0.08973881371341554,1288.486299,9.36624946927047,10
core,mkl,float,EPYC,20000,20000,20000,29,29,close,default,,12.5207532728,0.18412344307691209,1278.124449,18.595792504524937,10
core,mkl,float,EPYC,20000,20000,20000,29,29,spread,default,,12.4358842379,0.13387286204637855,1286.7324575999999,13.7441418720269,10
core,mkl,float,EPYC,20000,20000,20000,30,30,close,default,,11.9473079361,0.3220285032428339,1340.108709,36.9111631684379,10
core,mkl,float,EPYC,20000,20000,20000,30,30,spread,default,,11.8398805639,0.27446051603081345,1352.0435597,32.53854491066615,10
core,mkl,float,EPYC,20000,20000,20000,31,31,close,default,,11.9904514706,0.1775371347635587,1334.6577058999999,19.705734302129652,10
core,mkl,float,EPYC,20000,20000,20000,31,31,spread,default,,11.9093756165,0.0781936235159276,1343.5315514,8.837140097940123,10
core,mkl,float,EPYC,20000,20000,20000,32,32,close,default,,11.3670060948,0.14977471561780142,1407.8026132,18.55445405086322,10
core,mkl,float,EPYC,20000,20000,20000,32,32,spread,default,,11.3172367822,0.08028163058597737,1413.8367616,10.039947506628689,10
core,mkl,float,EPYC,20000,20000,20000,33,33,close,default,,11.3807718611,0.17124667662052925,1406.16633,21.1418817555989,10
core,mkl,float,EPYC,20000,20000,20000,33,33,spread,default,,11.289150316699999,0.07944414819358318,1417.3532940999999,9.991618807127194,10
core,mkl,float,EPYC,20000,20000,20000,34,34,close,default,,11.023023639,0.28565059709409096,1452.4119111,38.80294424229393,10
core,mkl,float,EPYC,20000,20000,20000,34,34,spread,default,,11.0069478198,0.0518280574314771,1453.656188,6.8134671258800745,10
core,mkl,float,EPYC,20000,20000,20000,35,35,close,default,,10.7757797171,0.13495989876679826,1485.0191028000002,18.432372921991654,10
core,mkl,float,EPYC,20000,20000,20000,35,35,spread,default,,10.7098845527,0.23300550896830172,1494.6067236000001,33.70371543921457,10
core,mkl,float,EPYC,20000,20000,20000,36,36,close,default,,10.7891029393,0.10633683967850771,1483.1067916,14.543891552518915,10
core,mkl,float,EPYC,20000,20000,20000,36,36,spread,default,,10.7124871177,0.0898209540025111,1493.678699,12.541830749240365,10
core,mkl,float,EPYC,20000,20000,20000,37,37,close,default,,10.7017748676,0.12125747334522603,1495.2524283999999,16.99759306201322,10
core,mkl,float,EPYC,20000,20000,20000,37,37,spread,default,,10.5188051078,0.25949302308392747,1521.9396206,38.483271243252005,10
core,mkl,float,EPYC,20000,20000,20000,38,38,close,default,,10.0976258932,0.13560048430362584,1584.7878417,21.26247168674453,10
core,mkl,float,EPYC,20000,20000,20000,38,38,spread,default,,10.1456348866,0.15353766957085108,1577.3600066000001,24.020470992182766,10
core,mkl,float,EPYC,20000,20000,20000,39,39,close,default,,10.065856697,0.12468368886477263,1589.7532393,19.859154269064238,10
core,mkl,float,EPYC,20000,20000,20000,39,39,spread,default,,9.9210179697,0.29013883214252323,1614.0408401999998,49.539533294791475,10
core,mkl,float,EPYC,20000,20000,20000,40,40,close,default,,10.1087930883,0.1305806435096298,1583.0180486000002,20.43981735937085,10
core,mkl,float,EPYC,20000,20000,20000,40,40,spread,default,,10.0092433401,0.13085107497082782,1598.7681227,20.882656477470636,10
core,mkl,float,EPYC,20000,20000,20000,41,41,close,default,,9.9917292394,0.08162737808740447,1601.4203326000002,13.045622964433074,10
core,mkl,float,EPYC,20000,20000,20000,41,41,spread,default,,9.948791011800001,0.08932561582570177,1608.3517249000001,14.370177020046016,10
core,mkl,float,EPYC,20000,20000,20000,42,42,close,default,,9.9066291376,0.09881478085776688,1615.2235573,15.976270537147016,10
core,mkl,float,EPYC,20000,20000,20000,42,42,spread,default,,9.877973042099999,0.07000501962458028,1619.8392867,11.567882384188685,10
core,mkl,float,EPYC,20000,20000,20000,43,43,close,default,,9.8954094841,0.09160787092346437,1617.0357364,14.928306955965338,10
core,mkl,float,EPYC,20000,20000,20000,43,43,spread,default,,9.8295475225,0.06528415755817452,1627.8095195,10.740136223123493,10
core,mkl,float,EPYC,20000,20000,20000,44,44,close,default,,9.4979510342,0.11210751668024137,1684.7850162999998,19.878600063453938,10
core,mkl,float,EPYC,20000,20000,20000,44,44,spread,default,,9.3771946583,0.0907042121396478,1706.4110899,16.525146982680347,10
core,mkl,float,EPYC,20000,20000,20000,45,45,close,default,,9.428151146400001,0.10985773682672252,1697.2492203999998,19.443283017562035,10
core,mkl,float,EPYC,20000,20000,20000,45,45,spread,default,,9.443988134,0.07657495410965434,1694.3002447,13.80581261625092,10
core,mkl,float,EPYC,20000,20000,20000,46,46,close,default,,9.4011936046,0.11358170874231037,1702.1325660999998,20.32683040733622,10
core,mkl,float,EPYC,20000,20000,20000,46,46,spread,default,,9.355191676299999,0.10759681849328583,1710.4863271,19.904892121013155,10
core,mkl,float,EPYC,20000,20000,20000,47,47,close,default,,9.2085135579,0.12249031162126542,1737.8015314,23.303593496585986,10
core,mkl,float,EPYC,20000,20000,20000,47,47,spread,default,,9.1645095451,0.12135166690432023,1746.1400999999998,23.05446533332617,10
core,mkl,float,EPYC,20000,20000,20000,48,48,close,default,,9.3885594677,0.06562300910180822,1704.2765886000002,11.888193644908158,10
core,mkl,float,EPYC,20000,20000,20000,48,48,spread,default,,9.3751051886,0.06893293392147576,1706.7314312000003,12.680988307067492,10
core,mkl,float,EPYC,20000,20000,20000,49,49,close,default,,9.3424867226,0.14869692909340976,1713.0050573,27.854845663121278,10
core,mkl,float,EPYC,20000,20000,20000,49,49,spread,default,,9.3926062641,0.0707901329410181,1703.5545806999999,12.830559455285075,10
core,mkl,float,EPYC,20000,20000,20000,50,50,close,default,,9.3641477392,0.10321757672369954,1708.8328363,18.980944842295255,10
core,mkl,float,EPYC,20000,20000,20000,50,50,spread,default,,9.2940084289,0.17291229419144405,1722.0772206000001,32.13345363885459,10
core,mkl,float,EPYC,20000,20000,20000,51,51,close,default,,8.8153242912,0.08421790994458359,1815.1691262,17.211951677918833,10
core,mkl,float,EPYC,20000,20000,20000,51,51,spread,default,,8.8261069104,0.11003560889966296,1813.0512603,22.057772052576286,10
core,mkl,float,EPYC,20000,20000,20000,52,52,close,default,,8.7726373603,0.11339926644068847,1824.1275459,23.60921058086828,10
core,mkl,float,EPYC,20000,20000,20000,52,52,spread,default,,8.805028442,0.17099228738070302,1817.7671693,35.687058642248374,10
core,mkl,float,EPYC,20000,20000,20000,53,53,close,default,,8.800179529100001,0.2030775876837467,1819.0151575,41.92549041645087,10
core,mkl,float,EPYC,20000,20000,20000,53,53,spread,default,,8.778289728299999,0.1754340946919999,1823.3432797,36.966532929823885,10
core,mkl,float,EPYC,20000,20000,20000,54,54,close,default,,8.768167165,0.14695768391670228,1825.2379256,30.178071955076618,10
core,mkl,float,EPYC,20000,20000,20000,54,54,spread,default,,8.8174612902,0.15996922819486958,1815.1233392,33.20134674153378,10
core,mkl,float,EPYC,20000,20000,20000,55,55,close,default,,8.8447495358,0.23337439579533398,1810.1266417,48.17160357734539,10
core,mkl,float,EPYC,20000,20000,20000,55,55,spread,default,,8.7647487766,0.38609961784077945,1828.9628174000002,87.55869662979278,10
core,mkl,float,EPYC,20000,20000,20000,56,56,close,default,,8.8897800719,0.05341135489931603,1799.8777742999998,10.767231431737324,10
core,mkl,float,EPYC,20000,20000,20000,56,56,spread,default,,8.8604381317,0.09098727475729165,1805.9544919,18.90534078627516,10
core,mkl,float,EPYC,20000,20000,20000,57,57,close,default,,8.7860824043,0.35223767608750095,1823.9937716,81.26187694753436,10
core,mkl,float,EPYC,20000,20000,20000,57,57,spread,default,,8.7096119005,0.3756256826053808,1840.4509112,87.64375569254592,10
core,mkl,float,EPYC,20000,20000,20000,58,58,close,default,,8.5795732775,0.1818535842198746,1865.6805983999998,41.21126191754462,10
core,mkl,float,EPYC,20000,20000,20000,58,58,spread,default,,8.5439711194,0.32438169034809233,1875.3291915999998,77.98560448017346,10
core,mkl,float,EPYC,20000,20000,20000,59,59,close,default,,8.4575410418,0.23387232254028936,1893.0819712,51.40777046746872,10
core,mkl,float,EPYC,20000,20000,20000,59,59,spread,default,,8.6290974957,0.2432861572460463,1855.5448003000001,53.336649301657104,10
core,mkl,float,EPYC,20000,20000,20000,60,60,close,default,,8.828358736999999,0.15652294402891934,1812.8574363,32.34691574104305,10
core,mkl,float,EPYC,20000,20000,20000,60,60,spread,default,,8.7024348916,0.34680562630586953,1841.4567799000001,80.63412281264769,10
core,mkl,float,EPYC,20000,20000,20000,61,61,close,default,,8.8775944814,0.17357564075304643,1802.9173617000001,35.661765037540135,10
core,mkl,float,EPYC,20000,20000,20000,61,61,spread,default,,8.854736672,0.10860540568381336,1807.1840441,21.883758206313985,10
core,mkl,float,EPYC,20000,20000,20000,62,62,close,default,,8.8308385077,0.06612667796528593,1811.9240624000001,13.590017406738768,10
core,mkl,float,EPYC,20000,20000,20000,62,62,spread,default,,8.828326580699999,0.07468921139672731,1812.4639368,15.227294192127577,10
core,mkl,float,EPYC,20000,20000,20000,63,63,close,default,,8.540705582200001,0.8118083908286557,1890.181747,196.4916652492927,10
core,mkl,float,EPYC,20000,20000,20000,63,63,spread,default,,8.516831053699999,0.763292027195498,1893.459902,183.87735811190387,10
core,mkl,float,EPYC,20000,20000,20000,64,64,close,default,,8.5183893561,0.7887088084891467,1894.2165088000002,191.25649774190944,10
core,mkl,float,EPYC,20000,20000,20000,64,64,spread,default,,8.8556627264,0.5526862102848883,1814.2326593000003,133.22909683803306,10
core,mkl,float,THIN,10000,10000,10000,1,1,close,default,,15.1083296469,0.027801888596932164,132.3777114,0.24387715163089063,10
core,mkl,float,THIN,10000,10000,10000,1,1,spread,default,,15.067582743,0.02664982540428904,132.73566590000001,0.2346572276891677,10
core,mkl,float,THIN,10000,10000,10000,2,2,close,default,,7.896061581300001,0.016574004006799824,253.29183619999998,0.5320643612514856,10
core,mkl,float,THIN,10000,10000,10000,2,2,spread,default,,7.8992546433,0.028762427313892294,253.19146940000002,0.9229166551326081,10
core,mkl,float,THIN,10000,10000,10000,3,3,close,default,,5.1626340306000005,0.01228645097512875,387.4011213,0.9235441669756139,10
core,mkl,float,THIN,10000,10000,10000,3,3,spread,default,,5.164065646999999,0.013730702238440475,387.2942131,1.0309983754439849,10
core,mkl,float,THIN,10000,10000,10000,4,4,close,default,,3.8180860267,0.008111130746533326,523.8248007,1.1166199521891518,10
core,mkl,float,THIN,10000,10000,10000,4,4,spread,default,,3.8234713669000002,0.009437078542029596,523.0877370000001,1.2932731069247212,10
core,mkl,float,THIN,10000,10000,10000,5,5,close,default,,3.0395353368,0.0027481174554299117,657.9957959000001,0.595576996434481,10
core,mkl,float,THIN,10000,10000,10000,5,5,spread,default,,3.0385533757000003,0.005454016314929612,658.2098658,1.1835891420908191,10
core,mkl,float,THIN,10000,10000,10000,6,6,close,default,,2.5329900971,0.005155252757279271,789.5836092,1.6083831369917598,10
core,mkl,float,THIN,10000,10000,10000,6,6,spread,default,,2.5355921228,0.005474242568255336,788.7737036000001,1.7028973756361054,10
core,mkl,float,THIN,10000,10000,10000,7,7,close,default,,2.175985691,0.0034521338566220914,919.1257731,1.458179603634343,10
core,mkl,float,THIN,10000,10000,10000,7,7,spread,default,,2.1784637535,0.002113835561275707,918.0789407,0.8911736131615302,10
core,mkl,float,THIN,10000,10000,10000,8,8,close,default,,1.9040852597,0.0018902453471440113,1050.3740644,1.0422999916087066,10
core,mkl,float,THIN,10000,10000,10000,8,8,spread,default,,1.9073185563,0.006472398609294202,1048.6033333,3.5356875962825676,10
core,mkl,float,THIN,10000,10000,10000,9,9,close,default,,1.6947953101,0.0015913278315778572,1180.084447,1.107646563571145,10
core,mkl,float,THIN,10000,10000,10000,9,9,spread,default,,1.6939548664,0.0017934807559757161,1180.6701921,1.249834619794211,10
core,mkl,float,THIN,10000,10000,10000,10,10,close,default,,1.5237160661,0.001585035811800341,1312.5817822000001,1.366561381735814,10
core,mkl,float,THIN,10000,10000,10000,10,10,spread,default,,1.5256501185,0.0029162441525732207,1310.9208547,2.498421528472562,10
core,mkl,float,THIN,10000,10000,10000,11,11,close,default,,1.3929173026,0.0020003085144034488,1435.8380872,2.0637788137843076,10
core,mkl,float,THIN,10000,10000,10000,11,11,spread,default,,1.3926884918,0.0021868850872487073,1436.0745009,2.251257903548147,10
core,mkl,float,THIN,10000,10000,10000,12,12,close,default,,1.2797311732,0.0014568198611880432,1562.8300492,1.7789017577850732,10
core,mkl,float,THIN,10000,10000,10000,12,12,spread,default,,1.2810797369,0.0017608536234772494,1561.1857260000002,2.144832038438878,10
core,mkl,float,THIN,20000,20000,20000,1,1,close,default,,119.54884074179999,0.22273651872187344,133.8369314,0.24944337415365184,10
core,mkl,float,THIN,20000,20000,20000,1,1,spread,default,,119.69143705649999,0.10184964751047507,133.67715189999998,0.11369856529383804,10
core,mkl,float,THIN,20000,20000,20000,2,2,close,default,,61.2923817673,0.24612346291445744,261.047661,1.0513962377001465,10
core,mkl,float,THIN,20000,20000,20000,2,2,spread,default,,61.343453325,0.36417782800251114,260.8348825,1.5634793876369608,10
core,mkl,float,THIN,20000,20000,20000,3,3,close,default,,40.4694366712,0.141444056328457,395.36443599999996,1.3826122082332308,10
core,mkl,float,THIN,20000,20000,20000,3,3,spread,default,,40.4221085434,0.1926858734467349,395.8310813,1.88528951524176,10
core,mkl,float,THIN,20000,20000,20000,4,4,close,default,,30.0966554066,0.12520967795687327,531.6288244,2.214339337348381,10
core,mkl,float,THIN,20000,20000,20000,4,4,spread,default,,30.109942695900003,0.10891901419037907,531.3922136,1.9290500061657276,10
core,mkl,float,THIN,20000,20000,20000,5,5,close,default,,23.949761002,0.059263960338932484,668.0688089,1.655613464519653,10
core,mkl,float,THIN,20000,20000,20000,5,5,spread,default,,23.9345109563,0.028902948981600503,668.491662,0.8076964280305897,10
core,mkl,float,THIN,20000,20000,20000,6,6,close,default,,19.920736493499998,0.05747634757997159,803.1891726,2.3171992073781733,10
core,mkl,float,THIN,20000,20000,20000,6,6,spread,default,,19.9074058821,0.017654208509627043,803.7215607,0.712690067912168,10
core,mkl,float,THIN,20000,20000,20000,7,7,close,default,,17.0444710358,0.053607402035020464,938.7292030000001,2.9578992507925874,10
core,mkl,float,THIN,20000,20000,20000,7,7,spread,default,,17.0525936761,0.01930921398179621,938.2747749,1.064027433621599,10
core,mkl,float,THIN,20000,20000,20000,8,8,close,default,,14.931351092700002,0.02461703062985879,1071.5734317000001,1.766213302910502,10
core,mkl,float,THIN,20000,20000,20000,8,8,spread,default,,14.909072792200002,0.01720795054344034,1073.1733231,1.239401789010067,10
core,mkl,float,THIN,20000,20000,20000,9,9,close,default,,13.257215605199999,0.031451183544855606,1206.8960408,2.862508616954782,10
core,mkl,float,THIN,20000,20000,20000,9,9,spread,default,,13.231207518600002,0.016722695348335707,1209.2640067,1.5292654272410813,10
core,mkl,float,THIN,20000,20000,20000,10,10,close,default,,11.9322718992,0.03154815996735994,1340.9098208,3.542148236520432,10
core,mkl,float,THIN,20000,20000,20000,10,10,spread,default,,11.898862971,0.011871305288124382,1344.6674994,1.3400227530910809,10
core,mkl,float,THIN,20000,20000,20000,11,11,close,default,,10.8275803568,0.011474671642821848,1477.7092988,1.5664723461991075,10
core,mkl,float,THIN,20000,20000,20000,11,11,spread,default,,10.8143211616,0.010462117017310466,1479.5208353,1.4315348362382558,10
core,mkl,float,THIN,20000,20000,20000,12,12,close,default,,9.9246438798,0.012921476665850702,1612.1509848,2.0985285595930234,10
core,mkl,float,THIN,20000,20000,20000,12,12,spread,default,,9.9064192552,0.006538769351380891,1615.1149938,1.0660357988930473,10
core,openblas,double,EPYC,10000,10000,10000,1,1,close,default,,42.2652635862,0.08218174833265765,47.3203439,0.09204368978002882,10
core,openblas,double,EPYC,10000,10000,10000,1,1,spread,default,,42.192152594700005,0.059687497032076674,47.402265,0.0670783212206296,10
core,openblas,double,EPYC,10000,10000,10000,2,2,close,default,,21.8764842462,0.060490656569454626,91.422998,0.2530136945208894,10
core,openblas,double,EPYC,10000,10000,10000,2,2,spread,default,,21.928515361800002,0.194601217743976,91.21178330000001,0.7936113248354756,10
core,openblas,double,EPYC,10000,10000,10000,3,3,close,default,,14.563559836900001,0.04826524428516839,137.3304183,0.45498756508968086,10
core,openblas,double,EPYC,10000,10000,10000,3,3,spread,default,,14.617767394800001,0.09071574983409458,136.8245558,0.8516745886758411,10
core,openblas,double,EPYC,10000,10000,10000,4,4,close,default,,10.8137352172,0.08095341147983137,184.9592326,1.374849760844129,10
core,openblas,double,EPYC,10000,10000,10000,4,4,spread,default,,10.8226067118,0.051752152598996015,184.8021695,0.8845863790188286,10
core,openblas,double,EPYC,10000,10000,10000,5,5,close,default,,8.6120797166,0.03548899849437735,232.2354973,0.9585058426117722,10
core,openblas,double,EPYC,10000,10000,10000,5,5,spread,default,,8.6906801423,0.09596128058091964,230.15681,2.538406575595235,10
core,openblas,double,EPYC,10000,10000,10000,6,6,close,default,,7.2519806633,0.020008368101744948,275.7886132,0.760184891503783,10
core,openblas,double,EPYC,10000,10000,10000,6,6,spread,default,,7.3127154694,0.052635894725777774,273.5088876,1.9563919161801218,10
core,openblas,double,EPYC,10000,10000,10000,7,7,close,default,,6.223083942600001,0.027278741294173674,321.38957700000003,1.3977453929088732,10
core,openblas,double,EPYC,10000,10000,10000,7,7,spread,default,,6.2815951868,0.07199799424225667,318.4279832,3.637385026367126,10
core,openblas,double,EPYC,10000,10000,10000,8,8,close,default,,5.4872207002,0.01180218585436426,364.4847632,0.7849511382441857,10
core,openblas,double,EPYC,10000,10000,10000,8,8,spread,default,,5.508203332,0.034782799112414685,363.1077429,2.2770291818502217,10
core,openblas,double,EPYC,10000,10000,10000,9,9,close,default,,4.8954579641,0.008635623171789128,408.5431043,0.7196410295375066,10
core,openblas,double,EPYC,10000,10000,10000,9,9,spread,default,,4.9126835731,0.010325307089484384,407.1110897,0.8569624326353207,10
core,openblas,double,EPYC,10000,10000,10000,10,10,close,default,,4.3950489806999995,0.005150737006351165,455.05806190000004,0.5331856726872782,10
core,openblas,double,EPYC,10000,10000,10000,10,10,spread,default,,4.4234186088000005,0.03306682966505067,452.1614495,3.3391438770699566,10
core,openblas,double,EPYC,10000,10000,10000,11,11,close,default,,4.053493522,0.008799982974449947,493.4036454,1.0708408456944383,10
core,openblas,double,EPYC,10000,10000,10000,11,11,spread,default,,4.0683475886,0.01314416846390471,491.60468899999995,1.5850558809211281,10
core,openblas,double,EPYC,10000,10000,10000,12,12,close,default,,3.7548159142000004,0.0141403543042226,532.6560345,1.9923500844053958,10
core,openblas,double,EPYC,10000,10000,10000,12,12,spread,default,,3.7656306232,0.019293145265838654,531.1320074,2.7040814954775287,10
core,openblas,double,EPYC,10000,10000,10000,13,13,close,default,,3.4420761825,0.0051113259338947835,581.0458173,0.8628367716647641,10
core,openblas,double,EPYC,10000,10000,10000,13,13,spread,default,,3.4601997771999997,0.02363382114019293,578.0253961000001,3.9185397107243487,10
core,openblas,double,EPYC,10000,10000,10000,14,14,close,default,,3.3006848077,0.004191626496879419,605.9357425000001,0.7687056551814011,10
core,openblas,double,EPYC,10000,10000,10000,14,14,spread,default,,3.3035455904999997,0.011131852739926677,605.416303,2.032064448177989,10
core,openblas,double,EPYC,10000,10000,10000,15,15,close,default,,3.1586757011,0.006061710925886723,633.1788453,1.2158468528198936,10
core,openblas,double,EPYC,10000,10000,10000,15,15,spread,default,,3.1558236535999997,0.010575985862665862,633.7553453,2.1126962042134427,10
core,openblas,double,EPYC,10000,10000,10000,16,16,close,default,,2.8948297372,0.00787102387749589,690.8915237,1.8814632167052938,10
core,openblas,double,EPYC,10000,10000,10000,16,16,spread,default,,2.9153856283,0.01757998882129319,686.0379474,4.119127374810661,10
core,openblas,double,EPYC,10000,10000,10000,17,17,close,default,,2.8637277171,0.0104223524686195,698.3987386,2.539995086046589,10
core,openblas,double,EPYC,10000,10000,10000,17,17,spread,default,,2.8932792967000003,0.02283452320443942,691.2957115,5.428982690595876,10
core,openblas,double,EPYC,10000,10000,10000,18,18,close,default,,2.7677429808,0.009058048335766717,722.6174051,2.3614107914269216,10
core,openblas,double,EPYC,10000,10000,10000,18,18,spread,default,,2.7901547489,0.007000223037741081,716.8101703,1.793742431053127,10
core,openblas,double,EPYC,10000,10000,10000,19,19,close,default,,2.670994911,0.00967432956324974,748.7934616,2.7019335889049443,10
core,openblas,double,EPYC,10000,10000,10000,19,19,spread,default,,2.7001304355999998,0.016385962932204595,740.7294033999999,4.475840643657617,10
core,openblas,double,EPYC,10000,10000,10000,20,20,close,default,,2.5817938667,0.00880836019248759,774.6633012,2.643947320447026,10
core,openblas,double,EPYC,10000,10000,10000,20,20,spread,default,,2.5925788134000003,0.01249168192129103,771.4488742999999,3.736501104802657,10
core,openblas,double,EPYC,10000,10000,10000,21,21,close,default,,2.4218619707999998,0.007656329948970396,825.8183213,2.6103188892171936,10
core,openblas,double,EPYC,10000,10000,10000,21,21,spread,default,,2.4632880896,0.007291052506226091,811.9293051,2.405819185876798,10
core,openblas,double,EPYC,10000,10000,10000,22,22,close,default,,2.4511539381,0.00832552807808905,815.9506815,2.766084954598003,10
core,openblas,double,EPYC,10000,10000,10000,22,22,spread,default,,2.4531848712,0.018397743450283634,815.3086462,6.210829080077305,10
core,openblas,double,EPYC,10000,10000,10000,23,23,close,default,,2.2512568542,0.00521407511941437,888.3969133,2.054290345367257,10
core,openblas,double,EPYC,10000,10000,10000,23,23,spread,default,,2.2583979794,0.00796933504149996,885.5933622,3.1035958217704156,10
core,openblas,double,EPYC,10000,10000,10000,24,24,close,default,,2.5189060876,0.009855746940292476,794.0063938000001,3.1046972793018837,10
core,openblas,double,EPYC,10000,10000,10000,24,24,spread,default,,2.5188380449,0.010297860610438794,794.0288079,3.2336862781978324,10
core,openblas,double,EPYC,10000,10000,10000,25,25,close,default,,2.1795956174,0.01629700535253849,917.6471117000001,6.792336029301416,10
core,openblas,double,EPYC,10000,10000,10000,25,25,spread,default,,2.1802306177,0.006263275038838678,917.340956,2.632528086755434,10
core,openblas,double,EPYC,10000,10000,10000,26,26,close,default,,2.4104340541,0.008774043368556143,829.7359466,3.011588544194869,10
core,openblas,double,EPYC,10000,10000,10000,26,26,spread,default,,2.4073721868,0.03956063463155958,830.9909372,14.16986842211426,10
core,openblas,double,EPYC,10000,10000,10000,27,27,close,default,,2.1572705747,0.016336700729586234,927.1450824,6.9922124424724785,10
core,openblas,double,EPYC,10000,10000,10000,27,27,spread,default,,2.172781093,0.021857799446678986,920.5621171,9.148529332580067,10
core,openblas,double,EPYC,10000,10000,10000,28,28,close,default,,2.4134013882,0.010569917667764684,828.7201841,3.620608676757544,10
core,openblas,double,EPYC,10000,10000,10000,28,28,spread,default,,2.4221250944,0.011228048545800723,825.7371399,3.8245613638236455,10
core,openblas,double,EPYC,10000,10000,10000,29,29,close,default,,2.1210731330000003,0.017824223286408127,942.9786838,7.901391360560645,10
core,openblas,double,EPYC,10000,10000,10000,29,29,spread,default,,2.1207363786999998,0.016902042783458457,943.1222613,7.473811807181707,10
core,openblas,double,EPYC,10000,10000,10000,30,30,close,default,,2.4158777452,0.013864599904861582,827.8809914999999,4.749367657189693,10
core,openblas,double,EPYC,10000,10000,10000,30,30,spread,default,,2.422498109,0.010253611279604242,825.607354,3.495095254247642,10
core,openblas,double,EPYC,10000,10000,10000,31,31,close,default,,2.0966929331,0.022877345281028198,953.9848255999999,10.357708030911734,10
core,openblas,double,EPYC,10000,10000,10000,31,31,spread,default,,2.0778959181000003,0.013836902792878117,962.5503858,6.385337942117733,10
core,openblas,double,EPYC,10000,10000,10000,32,32,close,default,,2.3643646224,0.0036633693325611966,845.8950444,1.3093780452591004,10
core,openblas,double,EPYC,10000,10000,10000,32,32,spread,default,,2.3688312558,0.01028271644901448,844.3125033,3.6574284301998308,10
core,openblas,double,EPYC,10000,10000,10000,33,33,close,default,,2.1168860387999997,0.028560816586718985,944.9404916,12.890497095930499,10
core,openblas,double,EPYC,10000,10000,10000,33,33,spread,default,,2.1239952539,0.029001037006576986,941.7819997,13.046509288485344,10
core,openblas,double,EPYC,10000,10000,10000,34,34,close,default,,2.4298811851,0.012063875699940791,823.1037134000001,4.073403196380343,10
core,openblas,double,EPYC,10000,10000,10000,34,34,spread,default,,2.4312754254,0.014695423513034184,822.6406171000001,4.984062995298172,10
core,openblas,double,EPYC,10000,10000,10000,35,35,close,default,,2.1110263061000003,0.025075338321070614,947.5269108,11.265945138266332,10
core,openblas,double,EPYC,10000,10000,10000,35,35,spread,default,,2.1008923827,0.027734848347801162,952.1252938,12.531317321729249,10
core,openblas,double,EPYC,10000,10000,10000,36,36,close,default,,2.4193810399,0.0119647675048507,826.67588,4.081444702416481,10
core,openblas,double,EPYC,10000,10000,10000,36,36,spread,default,,2.4178022157,0.016965596237149813,827.2343625999999,5.833889646026122,10
core,openblas,double,EPYC,10000,10000,10000,37,37,close,default,,2.1149622422,0.03931811416095803,945.9395877000001,17.70530540012,10
core,openblas,double,EPYC,10000,10000,10000,37,37,spread,default,,2.1061760437,0.053097449606125224,950.1499276000001,24.76364906140337,10
core,openblas,double,EPYC,10000,10000,10000,38,38,close,default,,2.3809603352,0.0034667078548696545,839.9987959,1.22258184194473,10
core,openblas,double,EPYC,10000,10000,10000,38,38,spread,default,,2.3731126012,0.014206213537289054,842.8023923000001,5.082156302038528,10
core,openblas,double,EPYC,10000,10000,10000,39,39,close,default,,2.0828106735,0.026528795100140938,960.3786378000001,12.01549144914525,10
core,openblas,double,EPYC,10000,10000,10000,39,39,spread,default,,2.0483920938,0.0341126929714613,976.6195644,16.280317872964638,10
core,openblas,double,EPYC,10000,10000,10000,40,40,close,default,,2.4299928375,0.026606980571918015,823.1363949,9.001594703339022,10
core,openblas,double,EPYC,10000,10000,10000,40,40,spread,default,,2.4097864919,0.07424009341797104,830.7047083,27.265857012205373,10
core,openblas,double,EPYC,10000,10000,10000,41,41,close,default,,2.0904238154,0.03381788639382666,956.9635203,15.093038873577486,10
core,openblas,double,EPYC,10000,10000,10000,41,41,spread,default,,2.1207397019000003,0.045480677010570576,943.4591565999999,20.309753458252427,10
core,openblas,double,EPYC,10000,10000,10000,42,42,close,default,,2.1084090971,0.005296379685333066,948.5879093,2.386936066462272,10
core,openblas,double,EPYC,10000,10000,10000,42,42,spread,default,,2.1063709774,0.0048728214923449585,949.5049372999999,2.1987667411140785,10
core,openblas,double,EPYC,10000,10000,10000,43,43,close,default,,2.1140275094,0.036825363596549344,946.3195663,16.4627500264288,10
core,openblas,double,EPYC,10000,10000,10000,43,43,spread,default,,2.084431014,0.01817182687324541,959.5590553,8.23363811041206,10
core,openblas,double,EPYC,10000,10000,10000,44,44,close,default,,2.3198391328,0.009027924518400383,862.1404869,3.3525272146407845,10
core,openblas,double,EPYC,10000,10000,10000,44,44,spread,default,,2.3122962873999997,0.012219948186910981,864.9627459,4.559654976998156,10
core,openblas,double,EPYC,10000,10000,10000,45,45,close,default,,2.1021997268,0.03273446518592003,951.5908213999999,14.73030228563073,10
core,openblas,double,EPYC,10000,10000,10000,45,45,spread,default,,2.0963202098,0.029090494952247484,954.2165873,13.121107441239277,10
core,openblas,double,EPYC,10000,10000,10000,46,46,close,default,,2.0875376953,0.00838716104777718,958.0804464999999,3.848098399488297,10
core,openblas,double,EPYC,10000,10000,10000,46,46,spread,default,,2.0827614749,0.007121060646404041,960.2736994999999,3.2870480895471528,10
core,openblas,double,EPYC,10000,10000,10000,47,47,close,default,,2.1025820022,0.02397365639063418,951.3221686999999,10.793016817937866,10
core,openblas,double,EPYC,10000,10000,10000,47,47,spread,default,,2.1131417642000003,0.023299622040168385,946.5617904999999,10.45604778987859,10
core,openblas,double,EPYC,10000,10000,10000,48,48,close,default,,2.3922626906,0.042216100524945906,836.2703678,15.226927391092833,10
core,openblas,double,EPYC,10000,10000,10000,48,48,spread,default,,2.4137172215,0.016243005840777168,828.6311602,5.561589666920571,10
core,openblas,double,EPYC,10000,10000,10000,49,49,close,default,,2.1133639482,0.03970846312332617,946.6547971,17.521227949014513,10
core,openblas,double,EPYC,10000,10000,10000,49,49,spread,default,,2.1422191003999997,0.03458744692951912,933.8315144000001,15.155160719683288,10
core,openblas,double,EPYC,10000,10000,10000,50,50,close,default,,2.1111826016,0.016737656488907394,947.3900624,7.52930544411336,10
core,openblas,double,EPYC,10000,10000,10000,50,50,spread,default,,2.1044226513999997,0.017111864138610496,950.4360892999999,7.742361765979076,10
core,openblas,double,EPYC,10000,10000,10000,51,51,close,default,,2.1398172293,0.032817675105297435,934.8546543,14.155948430597078,10
core,openblas,double,EPYC,10000,10000,10000,51,51,spread,default,,2.1701405279,0.03818517359551342,921.8586091999999,16.3752272564895,10
core,openblas,double,EPYC,10000,10000,10000,52,52,close,default,,2.3509070946,0.00888368922762776,850.7463531999999,3.2065721231879385,10
core,openblas,double,EPYC,10000,10000,10000,52,52,spread,default,,2.3507342463,0.009446211998728487,850.8103579000001,3.4165218551088246,10
core,openblas,double,EPYC,10000,10000,10000,53,53,close,default,,2.2256675152,0.04001144057983684,898.8677072,16.125324694826396,10
core,openblas,double,EPYC,10000,10000,10000,53,53,spread,default,,2.2418457435,0.040445090759402176,892.3898168,16.494439124248633,10
core,openblas,double,EPYC,10000,10000,10000,54,54,close,default,,2.1359907646,0.01835440580582298,936.3953777999999,7.983734717839476,10
core,openblas,double,EPYC,10000,10000,10000,54,54,spread,default,,2.1301097456,0.004585484624119195,938.9226785999999,2.0227808986450304,10
core,openblas,double,EPYC,10000,10000,10000,55,55,close,default,,2.281857466,0.0398073098032045,876.7198093999999,15.343165542892095,10
core,openblas,double,EPYC,10000,10000,10000,55,55,spread,default,,2.2625093394,0.05753438432651457,884.4919626999999,22.62452155056696,10
core,openblas,double,EPYC,10000,10000,10000,56,56,close,default,,2.4724695998999997,0.00636276322530578,808.9126570000001,2.087412446203152,10
core,openblas,double,EPYC,10000,10000,10000,56,56,spread,default,,2.4661636845,0.003802673265004946,810.9779139999999,1.2507465498500467,10
core,openblas,double,EPYC,10000,10000,10000,57,57,close,default,,2.2415128972,0.0453087762036735,892.582274,18.01810855267628,10
core,openblas,double,EPYC,10000,10000,10000,57,57,spread,default,,2.2639808884,0.04538361163456784,883.7245184999999,18.00560732539121,10
core,openblas,double,EPYC,10000,10000,10000,58,58,close,default,,2.1454186296,0.009922098859515609,932.2369011000001,4.301896609819962,10
core,openblas,double,EPYC,10000,10000,10000,58,58,spread,default,,2.1428925703,0.005793754655738571,933.3240388,2.521610677304425,10
core,openblas,double,EPYC,10000,10000,10000,59,59,close,default,,2.2841324804,0.027095332712685202,875.7169625999999,10.398026756005892,10
core,openblas,double,EPYC,10000,10000,10000,59,59,spread,default,,2.2709586112,0.02568605507978668,880.7864106999999,9.927700409641046,10
core,openblas,double,EPYC,10000,10000,10000,60,60,close,default,,2.3489157088,0.006782904314068212,851.4630844,2.4595530820622766,10
core,openblas,double,EPYC,10000,10000,10000,60,60,spread,default,,2.3533620512,0.006887673712279569,849.8545287999999,2.483803113600302,10
core,openblas,double,EPYC,10000,10000,10000,61,61,close,default,,2.3260368275000003,0.02236784426020849,859.9030104,8.249556933459148,10
core,openblas,double,EPYC,10000,10000,10000,61,61,spread,default,,2.3075403501,0.041195023555872796,866.9726058,15.490403582742127,10
core,openblas,double,EPYC,10000,10000,10000,62,62,close,default,,2.1142292168,0.010891813243482,945.9938721000001,4.884794372623889,10
core,openblas,double,EPYC,10000,10000,10000,62,62,spread,default,,2.1197015376,0.015437387750048494,943.5741519,6.8795535197380095,10
core,openblas,double,EPYC,10000,10000,10000,63,63,close,default,,2.3008497971,0.03627681391450282,869.4419687,13.951966370009247,10
core,openblas,double,EPYC,10000,10000,10000,63,63,spread,default,,2.2988282300000003,0.024711472708654973,870.0971515000001,9.168379424009762,10
core,openblas,double,EPYC,10000,10000,10000,64,64,close,default,,2.4661385236,0.008891138619568414,810.9938985,2.911211236099289,10
core,openblas,double,EPYC,10000,10000,10000,64,64,spread,default,,2.4684461624000003,0.008531181869337214,810.2349862,2.7926598872518387,10
core,openblas,double,EPYC,20000,20000,20000,1,1,close,default,,337.1284666445,0.5660169035131951,47.4597731,0.07950686490339576,10
core,openblas,double,EPYC,20000,20000,20000,1,1,spread,default,,336.4022054179,0.7417371476916927,47.5623222,0.1050237514383193,10
core,openblas,double,EPYC,20000,20000,20000,2,2,close,default,,170.1752531001,0.2755668866050699,94.0209429,0.15213715345733406,10
core,openblas,double,EPYC,20000,20000,20000,2,2,spread,default,,170.0389081583,0.23568338987574855,94.09627350000001,0.13036473728159909,10
core,openblas,double,EPYC,20000,20000,20000,3,3,close,default,,113.7562460412,0.2933761507605145,140.652459,0.36257810498643983,10
core,openblas,double,EPYC,20000,20000,20000,3,3,spread,default,,113.4798203159,0.30226609082403616,140.995133,0.376210769666264,10
core,openblas,double,EPYC,20000,20000,20000,4,4,close,default,,84.811538602,0.07216832251127904,188.6536983,0.16067280021906374,10
core,openblas,double,EPYC,20000,20000,20000,4,4,spread,default,,84.5311029595,0.16289988738442146,189.2800738,0.3642941175124517,10
core,openblas,double,EPYC,20000,20000,20000,5,5,close,default,,68.6989261471,0.6942164127279451,232.92174989999998,2.3593536250614457,10
core,openblas,double,EPYC,20000,20000,20000,5,5,spread,default,,67.8184763016,0.14759369407648804,235.9249156,0.514190497145689,10
core,openblas,double,EPYC,20000,20000,20000,6,6,close,default,,58.086527502,0.9612059479468984,275.5194703,4.588325601131751,10
core,openblas,double,EPYC,20000,20000,20000,6,6,spread,default,,56.7848265104,0.21686496861022178,281.7691155,1.0776457564808366,10
core,openblas,double,EPYC,20000,20000,20000,7,7,close,default,,50.2001785589,1.2070444796048545,318.891415,7.737928681490857,10
core,openblas,double,EPYC,20000,20000,20000,7,7,spread,default,,48.8302739249,0.12617012209502174,327.6675462,0.8457388111472899,10
core,openblas,double,EPYC,20000,20000,20000,8,8,close,default,,44.2354947562,0.6079288866503917,361.7623155,4.998786180099123,10
core,openblas,double,EPYC,20000,20000,20000,8,8,spread,default,,43.1915433808,0.2804811473233259,370.4569853,2.4123157390095904,10
core,openblas,double,EPYC,20000,20000,20000,9,9,close,default,,39.783252756399996,0.6340804359689516,402.27182600000003,6.451602879494292,10
core,openblas,double,EPYC,20000,20000,20000,9,9,spread,default,,38.624720515,0.5060706855205862,414.30680689999997,5.455181737565927,10
core,openblas,double,EPYC,20000,20000,20000,10,10,close,default,,35.0540973415,0.9644429025327075,456.74441909999996,12.401741233162307,10
core,openblas,double,EPYC,20000,20000,20000,10,10,spread,default,,35.2332764544,1.1160926403370033,454.5248014,14.335718075738223,10
core,openblas,double,EPYC,20000,20000,20000,11,11,close,default,,32.463366893599996,1.061427705050547,493.331331,15.910287660196213,10
core,openblas,double,EPYC,20000,20000,20000,11,11,spread,default,,32.7735193164,1.1749138860982427,488.7622227,17.459198669289332,10
core,openblas,double,EPYC,20000,20000,20000,12,12,close,default,,30.141863854100002,1.0513764029050106,531.4043185,18.515862601090664,10
core,openblas,double,EPYC,20000,20000,20000,12,12,spread,default,,30.348543579199998,1.0772113136984092,527.8129941999999,18.938143069778338,10
core,openblas,double,EPYC,20000,20000,20000,13,13,close,default,,28.0172749516,1.0830904702471054,571.8371743,21.87729353167328,10
core,openblas,double,EPYC,20000,20000,20000,13,13,spread,default,,28.2556909353,1.0628228832719415,566.982929,21.431478295879966,10
core,openblas,double,EPYC,20000,20000,20000,14,14,close,default,,26.0325792091,1.1218615115799169,615.6176615,25.871292952582515,10
core,openblas,double,EPYC,20000,20000,20000,14,14,spread,default,,26.2874247011,1.158835562172989,609.7141619,26.675526713678867,10
core,openblas,double,EPYC,20000,20000,20000,15,15,close,default,,24.508430159299998,1.0728520971185835,653.9347401,27.87987264639456,10
core,openblas,double,EPYC,20000,20000,20000,15,15,spread,default,,24.741965026,1.1220616185337293,647.8615328,29.08652591694383,10
core,openblas,double,EPYC,20000,20000,20000,16,16,close,default,,23.0095387189,0.9783961966179883,696.4681555999999,28.864130210560575,10
core,openblas,double,EPYC,20000,20000,20000,16,16,spread,default,,23.208230243,0.991759023937375,690.5366436,29.28439609344698,10
core,openblas,double,EPYC,20000,20000,20000,17,17,close,default,,22.2550254543,0.8156453010167778,719.79164,25.862329485325198,10
core,openblas,double,EPYC,20000,20000,20000,17,17,spread,default,,22.3836636532,0.8677580831540646,715.7696212,27.59447184973037,10
core,openblas,double,EPYC,20000,20000,20000,18,18,close,default,,21.1873721726,0.6762683889172943,755.8466108,23.667769959179893,10
core,openblas,double,EPYC,20000,20000,20000,18,18,spread,default,,21.32053171,0.7492837035003123,751.27865,26.191290949809062,10
core,openblas,double,EPYC,20000,20000,20000,19,19,close,default,,20.9718318211,0.5674178371223945,763.4240993000001,20.371695112180817,10
core,openblas,double,EPYC,20000,20000,20000,19,19,spread,default,,21.0559535573,0.6776303624990854,760.5840582,24.307358889744357,10
core,openblas,double,EPYC,20000,20000,20000,20,20,close,default,,20.0226138977,0.5432381955548506,799.6193954,21.418280196324435,10
core,openblas,double,EPYC,20000,20000,20000,20,20,spread,default,,20.1775282925,0.5615168763464833,793.5126290000001,22.013553761879233,10
core,openblas,double,EPYC,20000,20000,20000,21,21,close,default,,19.2041403022,0.4090890787124651,833.4897267,17.529559296716865,10
core,openblas,double,EPYC,20000,20000,20000,21,21,spread,default,,19.2802454695,0.4501036027015967,830.2715433999999,19.353607380049667,10
core,openblas,double,EPYC,20000,20000,20000,22,22,close,default,,19.2273070225,0.21658626896714522,832.2441535,9.305591300287261,10
core,openblas,double,EPYC,20000,20000,20000,22,22,spread,default,,19.2640027613,0.36283447619248077,830.8305862,15.68856724445274,10
core,openblas,double,EPYC,20000,20000,20000,23,23,close,default,,18.664417781,0.20393899044195873,857.3377215,9.313581322231917,10
core,openblas,double,EPYC,20000,20000,20000,23,23,spread,default,,18.6360001925,0.32707964122919064,858.7918092,15.099029260408823,10
core,openblas,double,EPYC,20000,20000,20000,24,24,close,default,,18.7265492395,0.2359412623348622,854.5229898,10.675407417285195,10
core,openblas,double,EPYC,20000,20000,20000,24,24,spread,default,,18.7809376602,0.23969435504505987,852.0519119,10.818931578288986,10
core,openblas,double,EPYC,20000,20000,20000,25,25,close,default,,18.3276068381,0.21934388524865503,873.1127425000001,10.471941237629752,10
core,openblas,double,EPYC,20000,20000,20000,25,25,spread,default,,18.3423621696,0.26437146512106124,872.4640554,12.82769907381718,10
core,openblas,double,EPYC,20000,20000,20000,26,26,close,default,,18.8479538151,0.20848830691148068,848.9919944,9.390098520412883,10
core,openblas,double,EPYC,20000,20000,20000,26,26,spread,default,,18.9951319722,0.12480419156514987,842.353644,5.5078504515499045,10
core,openblas,double,EPYC,20000,20000,20000,27,27,close,default,,18.3651879254,0.23023608027449627,871.3376906999999,11.007106706173117,10
core,openblas,double,EPYC,20000,20000,20000,27,27,spread,default,,18.2818282952,0.2332094497947489,875.3138554999999,11.138068451701274,10
core,openblas,double,EPYC,20000,20000,20000,28,28,close,default,,18.3553013274,0.07668096686227215,871.6964418,3.6349475140055447,10
core,openblas,double,EPYC,20000,20000,20000,28,28,spread,default,,18.295647091,0.06340719644895913,874.5343716,3.018100808927289,10
core,openblas,double,EPYC,20000,20000,20000,29,29,close,default,,17.9994893367,0.2537953262963799,889.0750633,12.684183127224815,10
core,openblas,double,EPYC,20000,20000,20000,29,29,spread,default,,18.1623001164,0.3297909316361064,881.2148885,16.47617736712387,10
core,openblas,double,EPYC,20000,20000,20000,30,30,close,default,,17.920685912,0.11863193442012662,892.8583274,5.934831368831744,10
core,openblas,double,EPYC,20000,20000,20000,30,30,spread,default,,17.9508613464,0.13229660405465307,891.3656123999999,6.555418820593895,10
core,openblas,double,EPYC,20000,20000,20000,31,31,close,default,,17.933538404,0.2969889318540799,892.4061899000001,14.96940981469311,10
core,openblas,double,EPYC,20000,20000,20000,31,31,spread,default,,17.9462130712,0.5157607190394761,892.2553684000001,27.163331258470624,10
core,openblas,double,EPYC,20000,20000,20000,32,32,close,default,,17.6473620559,0.08691156184759093,906.6708526,4.459283965756543,10
core,openblas,double,EPYC,20000,20000,20000,32,32,spread,default,,17.589266091600003,0.08405285360679807,909.6644343,4.359617100093956,10
core,openblas,double,EPYC,20000,20000,20000,33,33,close,default,,17.9602765595,0.2502845606803298,891.0117703,12.509938111610337,10
core,openblas,double,EPYC,20000,20000,20000,33,33,spread,default,,18.1911760815,0.25857200388398116,879.7097305,12.698477365073328,10
core,openblas,double,EPYC,20000,20000,20000,34,34,close,default,,17.6332825862,0.41211820367558855,907.8355427,21.89509057489037,10
core,openblas,double,EPYC,20000,20000,20000,34,34,spread,default,,17.849063635100002,0.06187348046872408,896.4152464000001,3.1027285612754962,10
core,openblas,double,EPYC,20000,20000,20000,35,35,close,default,,18.0873210244,0.20585123696994106,884.7016040000001,10.15842844031879,10
core,openblas,double,EPYC,20000,20000,20000,35,35,spread,default,,18.1249369839,0.303753959791992,882.989339,15.093852143620165,10
core,openblas,double,EPYC,20000,20000,20000,36,36,close,default,,18.0003441833,0.06790830167571028,888.8832696,3.350854142157214,10
core,openblas,double,EPYC,20000,20000,20000,36,36,spread,default,,17.9923066125,0.08525901484967392,889.2868477,4.191606192461707,10
core,openblas,double,EPYC,20000,20000,20000,37,37,close,default,,17.9518421343,0.4133174175832203,891.7048736,20.82475852624638,10
core,openblas,double,EPYC,20000,20000,20000,37,37,spread,default,,17.89557795,1.0147382651146988,897.0396473000001,58.14497599502131,10
core,openblas,double,EPYC,20000,20000,20000,38,38,close,default,,17.9026316757,0.3816766808445915,894.1084807,20.073288982276345,10
core,openblas,double,EPYC,20000,20000,20000,38,38,spread,default,,18.065309062700003,0.11451651469275363,885.7076514,5.651598352604759,10
core,openblas,double,EPYC,20000,20000,20000,39,39,close,default,,16.913058500400002,0.18271078446313843,946.1143238000001,10.258960851234663,10
core,openblas,double,EPYC,20000,20000,20000,39,39,spread,default,,16.9412232062,0.20080855675703121,944.5617278,11.23936589312557,10
core,openblas,double,EPYC,20000,20000,20000,40,40,close,default,,17.7087444364,0.1537633528447144,903.569853,7.859525980983384,10
core,openblas,double,EPYC,20000,20000,20000,40,40,spread,default,,17.690592522899998,0.16015835903969505,904.5019968,8.160547912275007,10
core,openblas,double,EPYC,20000,20000,20000,41,41,close,default,,16.093834337,0.4646682308195612,994.9700978999999,30.81340390553698,10
core,openblas,double,EPYC,20000,20000,20000,41,41,spread,default,,16.2695115668,0.1756065295771262,983.5363563999999,10.479318650577692,10
core,openblas,double,EPYC,20000,20000,20000,42,42,close,default,,17.2767955142,0.09757084788637085,926.1242273,5.225891038816512,10
core,openblas,double,EPYC,20000,20000,20000,42,42,spread,default,,17.240552724,0.12577751606516627,928.0891496,6.80168866903411,10
core,openblas,double,EPYC,20000,20000,20000,43,43,close,default,,16.2139780306,0.0988688644839156,986.8359313999999,6.025039778553246,10
core,openblas,double,EPYC,20000,20000,20000,43,43,spread,default,,16.208443954,0.11284664124437574,987.1829572,6.88884347315305,10
core,openblas,double,EPYC,20000,20000,20000,44,44,close,default,,17.512162872799998,0.14598359140759237,913.7084668,7.6989410612003795,10
core,openblas,double,EPYC,20000,20000,20000,44,44,spread,default,,17.5124939536,0.04845098321914213,913.6397248,2.5261595581129566,10
core,openblas,double,EPYC,20000,20000,20000,45,45,close,default,,16.0618137799,0.5285255830946086,997.2108071999999,35.769681074787556,10
core,openblas,double,EPYC,20000,20000,20000,45,45,spread,default,,16.2677062548,0.1353561295193846,983.6055758999998,8.263192845614158,10
core,openblas,double,EPYC,20000,20000,20000,46,46,close,default,,17.2618470046,0.13092243891964797,926.947372,6.991130078675736,10
core,openblas,double,EPYC,20000,20000,20000,46,46,spread,default,,17.0991822488,0.7448525407230668,937.5127666000001,45.80252691502168,10
core,openblas,double,EPYC,20000,20000,20000,47,47,close,default,,16.1642097317,0.061178074757572525,989.8539105,3.7453185216147054,10
core,openblas,double,EPYC,20000,20000,20000,47,47,spread,default,,16.125780986000002,0.0680577720824887,992.2159685,4.20242907161752,10
core,openblas,double,EPYC,20000,20000,20000,48,48,close,default,,17.9182436263,0.2353962846708803,893.0853156999999,11.897536764106956,10
core,openblas,double,EPYC,20000,20000,20000,48,48,spread,default,,18.0160605299,0.14820678265922482,888.1511246,7.380510912697082,10
core,openblas,double,EPYC,20000,20000,20000,49,49,close,default,,16.2220561339,0.3401285373361272,986.7006002,20.628373803318144,10
core,openblas,double,EPYC,20000,20000,20000,49,49,spread,default,,16.2603227934,0.13005616024492034,984.0475779000001,7.956324509770833,10
core,openblas,double,EPYC,20000,20000,20000,50,50,close,default,,16.9742211616,0.8861802391222354,945.1095494000001,53.306573214144365,10
core,openblas,double,EPYC,20000,20000,20000,50,50,spread,default,,17.0868604419,0.6976325232543091,937.9324649,41.94289663768674,10
core,openblas,double,EPYC,20000,20000,20000,51,51,close,default,,16.885032064,0.2736745136355254,947.8097651,15.42462035064193,10
core,openblas,double,EPYC,20000,20000,20000,51,51,spread,default,,17.0981188259,0.11836145810108102,935.8159847000001,6.504771651243074,10
core,openblas,double,EPYC,20000,20000,20000,52,52,close,default,,17.6864871705,0.12630670226507965,904.6870738,6.477583281597072,10
core,openblas,double,EPYC,20000,20000,20000,52,52,spread,default,,17.463483287400003,0.7525130938382234,917.9107304000001,44.18407825189621,10
core,openblas,double,EPYC,20000,20000,20000,53,53,close,default,,17.211559639500003,0.7197585737996798,931.1568341,41.204602699760315,10
core,openblas,double,EPYC,20000,20000,20000,53,53,spread,default,,17.5364235843,0.45416796007766164,912.9472782999999,24.05768652680618,10
core,openblas,double,EPYC,20000,20000,20000,54,54,close,default,,17.5497729345,0.8578137111242314,913.9043845,50.305767645260445,10
core,openblas,double,EPYC,20000,20000,20000,54,54,spread,default,,17.358529188,1.229421313939537,926.3953433999999,73.16242839497899,10
core,openblas,double,EPYC,20000,20000,20000,55,55,close,default,,18.0115596407,0.16853574598661944,888.3887084,8.348308425725191,10
core,openblas,double,EPYC,20000,20000,20000,55,55,spread,default,,17.5471552293,1.0209705452715252,915.0504836,61.569241424244034,10
core,openblas,double,EPYC,20000,20000,20000,56,56,close,default,,17.9040264434,0.3647390159153958,893.9935101000001,18.54033407336467,10
core,openblas,double,EPYC,20000,20000,20000,56,56,spread,default,,17.9558849388,0.08349434529723863,891.0902131999999,4.169846802924767,10
core,openblas,double,EPYC,20000,20000,20000,57,57,close,default,,17.665479982599997,0.3938321387361458,906.1281317,20.286098936642038,10
core,openblas,double,EPYC,20000,20000,20000,57,57,spread,default,,17.2364139655,1.203418561649264,933.1007477999999,77.02968086632673,10
core,openblas,double,EPYC,20000,20000,20000,58,58,close,default,,17.6100781564,0.6029593240349705,909.6119107000001,33.799309767020276,10
core,openblas,double,EPYC,20000,20000,20000,58,58,spread,default,,17.8721362888,0.16673838448290826,895.3197313000001,8.505099620243728,10
core,openblas,double,EPYC,20000,20000,20000,59,59,close,default,,16.3279909064,0.9595584904675544,983.3691182999999,65.4662858470348,10
core,openblas,double,EPYC,20000,20000,20000,59,59,spread,default,,16.83311349,0.3154000732976059,950.8032685000001,17.54366984300313,10
core,openblas,double,EPYC,20000,20000,20000,60,60,close,default,,17.774503094700002,0.09092421180440441,900.1868928,4.579123869634308,10
core,openblas,double,EPYC,20000,20000,20000,60,60,spread,default,,17.6740378988,0.147975789639514,905.3404156999999,7.665094272954998,10
core,openblas,double,EPYC,20000,20000,20000,61,61,close,default,,17.746560327700003,0.20718834926008656,901.6931941,10.472479998847351,10
core,openblas,double,EPYC,20000,20000,20000,61,61,spread,default,,17.6431603916,0.17761891194372686,906.9500439,9.165898426579135,10
core,openblas,double,EPYC,20000,20000,20000,62,62,close,default,,17.7280470552,0.563916637024309,903.401195,30.631072734943857,10
core,openblas,double,EPYC,20000,20000,20000,62,62,spread,default,,17.6356069945,0.8664554193648908,909.3790108999999,48.03060988151524,10
core,openblas,double,EPYC,20000,20000,20000,63,63,close,default,,17.9224290777,0.562292634565755,893.5384604999999,28.42580021602542,10
core,openblas,double,EPYC,20000,20000,20000,63,63,spread,default,,17.5894519633,1.0651100263227482,913.1417887,64.37846615116165,10
core,openblas,double,EPYC,20000,20000,20000,64,64,close,default,,18.127334249199997,0.38513228281483214,883.0201225999999,19.6237509595147,10
core,openblas,double,EPYC,20000,20000,20000,64,64,spread,default,,18.2959094089,0.11108799227495667,874.5414621,5.314865826366617,10
core,openblas,double,THIN,10000,10000,10000,1,1,close,default,,29.1633638323,0.17665490739372852,68.5814497,0.41367366661175303,10
core,openblas,double,THIN,10000,10000,10000,1,1,spread,default,,29.275621886499998,0.2243251640811668,68.3198046,0.5189318935833885,10
core,openblas,double,THIN,10000,10000,10000,2,2,close,default,,15.8143461213,0.11498009537007038,126.4734719,0.9205592723487236,10
core,openblas,double,THIN,10000,10000,10000,2,2,spread,default,,15.825084625299999,0.10355811475467107,126.386484,0.8240635215438995,10
core,openblas,double,THIN,10000,10000,10000,3,3,close,default,,10.290659352,0.07578332163259942,194.360477,1.4289924396251983,10
core,openblas,double,THIN,10000,10000,10000,3,3,spread,default,,10.2742357873,0.07534384319036627,194.6709717,1.4078633969609622,10
core,openblas,double,THIN,10000,10000,10000,4,4,close,default,,7.639952945899999,0.07958391102269427,261.8070742,2.704927208377203,10
core,openblas,double,THIN,10000,10000,10000,4,4,spread,default,,7.6150820565,0.0487965656812534,262.6463572,1.6750434148229523,10
core,openblas,double,THIN,10000,10000,10000,5,5,close,default,,6.0655363665,0.04189640058094121,329.7457385,2.2481164568496097,10
core,openblas,double,THIN,10000,10000,10000,5,5,spread,default,,6.054622214,0.02535279956579697,330.3313533,1.3826987292552262,10
core,openblas,double,THIN,10000,10000,10000,6,6,close,default,,5.068123738900001,0.01962421612400439,394.6286816,1.528108802531573,10
core,openblas,double,THIN,10000,10000,10000,6,6,spread,default,,5.0910306336,0.03683599659113157,392.8663751,2.8581585641730816,10
core,openblas,double,THIN,10000,10000,10000,7,7,close,default,,4.3439488552,0.022423281338510136,460.42158179999996,2.3687537525349347,10
core,openblas,double,THIN,10000,10000,10000,7,7,spread,default,,4.3596230842,0.03139565517503899,458.77659350000005,3.292330318441306,10
core,openblas,double,THIN,10000,10000,10000,8,8,close,default,,3.8416793218,0.04190255706482115,520.6608819,5.625479146207563,10
core,openblas,double,THIN,10000,10000,10000,8,8,spread,default,,3.8219658084000003,0.030413173275287926,523.3206693,4.154143930851304,10
core,openblas,double,THIN,10000,10000,10000,9,9,close,default,,3.3862011312,0.015322477567073847,590.6432463,2.67061720263562,10
core,openblas,double,THIN,10000,10000,10000,9,9,spread,default,,3.3854118382000005,0.015536700240405599,590.7812569,2.70766606695349,10
core,openblas,double,THIN,10000,10000,10000,10,10,close,default,,3.0633179845000003,0.017358627454747765,652.9055253,3.6637858460309793,10
core,openblas,double,THIN,10000,10000,10000,10,10,spread,default,,3.0584081927,0.00789628055563879,653.9388685,1.6875695561291837,10
core,openblas,double,THIN,10000,10000,10000,11,11,close,default,,2.7517125763,0.006598119493270392,726.8238583,1.7431637947402845,10
core,openblas,double,THIN,10000,10000,10000,11,11,spread,default,,2.7546802299,0.005768971907472292,726.0399481000001,1.5197954468894215,10
core,openblas,double,THIN,10000,10000,10000,12,12,close,default,,2.5997315121,0.022193535239011134,769.3604408,6.5376719522037074,10
core,openblas,double,THIN,10000,10000,10000,12,12,spread,default,,2.6004180572999998,0.01786360817833134,769.1396328,5.261546664816476,10
core,openblas,double,THIN,20000,20000,20000,1,1,close,default,,235.80075495850002,2.717750513131836,67.8618662,0.7683434127674067,10
core,openblas,double,THIN,20000,20000,20000,1,1,spread,default,,234.30283751390002,0.35282093495368855,68.2878313,0.10282030050643186,10
core,openblas,double,THIN,20000,20000,20000,2,2,close,default,,125.0215075155,1.5243552389703687,127.99477299999998,1.5304578605508834,10
core,openblas,double,THIN,20000,20000,20000,2,2,spread,default,,124.2734945317,1.0838461257413767,128.7570394,1.114619357690547,10
core,openblas,double,THIN,20000,20000,20000,3,3,close,default,,82.1377631222,0.600592086100995,194.80392690000002,1.403840160303361,10
core,openblas,double,THIN,20000,20000,20000,3,3,spread,default,,82.0634151675,0.30501348139613377,194.9735782,0.7201448512373946,10
core,openblas,double,THIN,20000,20000,20000,4,4,close,default,,61.82398000319999,1.0643951938156175,258.8662605,4.324863100261761,10
core,openblas,double,THIN,20000,20000,20000,4,4,spread,default,,61.85121744210001,1.4484431477718005,258.80726319999997,5.788398614426657,10
core,openblas,double,THIN,20000,20000,20000,5,5,close,default,,48.8940100467,0.8196460009817763,327.3181423,5.282453381673807,10
core,openblas,double,THIN,20000,20000,20000,5,5,spread,default,,48.6121290294,0.18635807553968092,329.1403224,1.262919508152359,10
core,openblas,double,THIN,20000,20000,20000,6,6,close,default,,40.6740127627,0.4089336049203194,393.40686949999997,3.901923395278457,10
core,openblas,double,THIN,20000,20000,20000,6,6,spread,default,,40.5963667093,0.25431851740138695,394.13781720000003,2.4613138207884666,10
core,openblas,double,THIN,20000,20000,20000,7,7,close,default,,35.0539218845,1.3952539445268648,457.0325446,16.5516894118128,10
core,openblas,double,THIN,20000,20000,20000,7,7,spread,default,,35.0319445271,0.8999051664901768,456.98662029999997,11.274608692114557,10
core,openblas,double,THIN,20000,20000,20000,8,8,close,default,,30.812034856100002,0.4517948099227989,519.375796,7.440558449746082,10
core,openblas,double,THIN,20000,20000,20000,8,8,spread,default,,30.8209514036,0.5584979318753671,519.2784363,9.26265291687995,10
core,openblas,double,THIN,20000,20000,20000,9,9,close,default,,26.931730350800002,0.2832883828254386,594.1527903,6.129631922086438,10
core,openblas,double,THIN,20000,20000,20000,9,9,spread,default,,26.9638862404,0.30917288539609705,593.4558253,6.73991102322691,10
core,openblas,double,THIN,20000,20000,20000,10,10,close,default,,24.379892936300003,0.5993398504270855,656.6160947000001,15.259108343106517,10
core,openblas,double,THIN,20000,20000,20000,10,10,spread,default,,24.2804739094,0.3024963512126821,659.0564628,8.093065609675925,10
core,openblas,double,THIN,20000,20000,20000,11,11,close,default,,22.0283598981,0.14715895008389931,726.3654829,4.834358043523407,10
core,openblas,double,THIN,20000,20000,20000,11,11,spread,default,,22.044363293500002,0.18101804615761918,725.8527934,5.90919566214815,10
core,openblas,double,THIN,20000,20000,20000,12,12,close,default,,20.5052979467,0.23325126501033522,780.3752769,8.706391889908586,10
core,openblas,double,THIN,20000,20000,20000,12,12,spread,default,,20.5396145001,0.5214256172797457,779.4104487000001,18.733603072025733,10
core,openblas,float,EPYC,10000,10000,10000,1,1,close,default,,20.5128674874,0.15545446124518328,97.5048397,0.7423346098420501,10
core,openblas,float,EPYC,10000,10000,10000,1,1,spread,default,,20.5297757749,0.19790088755543916,97.427613,0.9379053907444855,10
core,openblas,float,EPYC,10000,10000,10000,2,2,close,default,,10.523573175900001,0.07435759767020964,190.0580002,1.3340931834963783,10
core,openblas,float,EPYC,10000,10000,10000,2,2,spread,default,,10.6011351643,0.10990579409993352,188.6773876,1.9663024535819802,10
core,openblas,float,EPYC,10000,10000,10000,3,3,close,default,,6.9654575867,0.045456516900867,287.1422315,1.8829947769325692,10
core,openblas,float,EPYC,10000,10000,10000,3,3,spread,default,,7.0480979223,0.0957377177883703,283.8112803,3.8266140606003076,10
core,openblas,float,EPYC,10000,10000,10000,4,4,close,default,,5.273272234399999,0.030795625702429972,379.282801,2.2176181737598055,10
core,openblas,float,EPYC,10000,10000,10000,4,4,spread,default,,5.286590373299999,0.04469036799007403,378.3400196,3.2000109310901603,10
core,openblas,float,EPYC,10000,10000,10000,5,5,close,default,,4.1999087821000005,0.01925763823296033,476.20983349999995,2.184534415374483,10
core,openblas,float,EPYC,10000,10000,10000,5,5,spread,default,,4.216889805999999,0.03956623558489973,474.3206209,4.43148524658615,10
core,openblas,float,EPYC,10000,10000,10000,6,6,close,default,,3.5051074142,0.009169483567862702,570.5994403,1.493907565604025,10
core,openblas,float,EPYC,10000,10000,10000,6,6,spread,default,,3.5367063412,0.018567902307762785,565.5119271,2.9692157225332894,10
core,openblas,float,EPYC,10000,10000,10000,7,7,close,default,,3.0347614137,0.045325793852246596,659.1588511,9.557555094343064,10
core,openblas,float,EPYC,10000,10000,10000,7,7,spread,default,,3.0327783087,0.030848745433900725,659.5226041,6.693959781045231,10
core,openblas,float,EPYC,10000,10000,10000,8,8,close,default,,2.6864467689000002,0.01705513994088968,744.5047128,4.708980487979609,10
core,openblas,float,EPYC,10000,10000,10000,8,8,spread,default,,2.6818169455,0.019853455419646948,745.7999480000001,5.537295471215742,10
core,openblas,float,EPYC,10000,10000,10000,9,9,close,default,,2.3646812871000003,0.014646106544452137,845.8090576999999,5.223367470809141,10
core,openblas,float,EPYC,10000,10000,10000,9,9,spread,default,,2.3745253863999998,0.01789312986332691,842.3166855,6.356120249592087,10
core,openblas,float,EPYC,10000,10000,10000,10,10,close,default,,2.1536306163,0.025520966261196636,928.7800135,10.844749282106784,10
core,openblas,float,EPYC,10000,10000,10000,10,10,spread,default,,2.1537440659000002,0.014470966354732887,928.6531032,6.227881564850203,10
core,openblas,float,EPYC,10000,10000,10000,11,11,close,default,,1.9585882565,0.030312525010000497,1021.3594744,15.493917724149847,10
core,openblas,float,EPYC,10000,10000,10000,11,11,spread,default,,1.9509344015,0.010876053857704696,1025.1784293,5.707330225897062,10
core,openblas,float,EPYC,10000,10000,10000,12,12,close,default,,1.8198278841,0.020256163574035646,1099.1251441,11.990780925787059,10
core,openblas,float,EPYC,10000,10000,10000,12,12,spread,default,,1.8348546759000002,0.014958491216793641,1090.0689699,8.776268630239544,10
core,openblas,float,EPYC,10000,10000,10000,13,13,close,default,,1.6752604533,0.018070939007798194,1193.9682258999999,12.774546541454512,10
core,openblas,float,EPYC,10000,10000,10000,13,13,spread,default,,1.6749143548999998,0.009212433479457554,1194.1235135,6.58715043337936,10
core,openblas,float,EPYC,10000,10000,10000,14,14,close,default,,1.5745564175,0.007599497615045942,1270.2256397,6.130981210618199,10
core,openblas,float,EPYC,10000,10000,10000,14,14,spread,default,,1.5805704007999999,0.015544519987506838,1265.4757043,12.398349681915345,10
core,openblas,float,EPYC,10000,10000,10000,15,15,close,default,,1.5150738523,0.02065385553260266,1320.2840224,17.63636403397482,10
core,openblas,float,EPYC,10000,10000,10000,15,15,spread,default,,1.5057725665,0.012534829753507391,1328.3036981999999,10.927365735781715,10
core,openblas,float,EPYC,10000,10000,10000,16,16,close,default,,1.3916855584,0.006796084417561555,1437.1370167999999,7.002740260544864,10
core,openblas,float,EPYC,10000,10000,10000,16,16,spread,default,,1.4008204388999999,0.01647450403439855,1427.9095409,16.516595588776926,10
core,openblas,float,EPYC,10000,10000,10000,17,17,close,default,,1.3323352914000002,0.008831296947056566,1501.1828627,9.927844845656933,10
core,openblas,float,EPYC,10000,10000,10000,17,17,spread,default,,1.3465767646,0.02177726671563298,1485.5934079,23.75812822775426,10
core,openblas,float,EPYC,10000,10000,10000,18,18,close,default,,1.2998660149999999,0.013086491122467047,1538.7575481,15.168179432810517,10
core,openblas,float,EPYC,10000,10000,10000,18,18,spread,default,,1.3172543378000001,0.04097543636549126,1519.5580728999998,44.612968007303024,10
core,openblas,float,EPYC,10000,10000,10000,19,19,close,default,,1.2440085088,0.006559875558895354,1607.7461753,8.455960328859012,10
core,openblas,float,EPYC,10000,10000,10000,19,19,spread,default,,1.2674723134,0.013162929938394448,1578.0979588,16.50055488516875,10
core,openblas,float,EPYC,10000,10000,10000,20,20,close,default,,1.2502636807,0.003171480432347695,1599.6718323,4.061588019348259,10
core,openblas,float,EPYC,10000,10000,10000,20,20,spread,default,,1.2565398636,0.022068002672386455,1592.0974658,26.884971137138685,10
core,openblas,float,EPYC,10000,10000,10000,21,21,close,default,,1.232970267,0.00980645323919934,1622.1921396,12.993956025712443,10
core,openblas,float,EPYC,10000,10000,10000,21,21,spread,default,,1.2255640052,0.014548263855212532,1632.1038469999999,18.92108112302976,10
core,openblas,float,EPYC,10000,10000,10000,22,22,close,default,,1.170153602,0.0050738399868898295,1709.2061377999999,7.384051532107012,10
core,openblas,float,EPYC,10000,10000,10000,22,22,spread,default,,1.1647829003,0.00956001830106619,1717.1609927000002,13.919710075827568,10
core,openblas,float,EPYC,10000,10000,10000,23,23,close,default,,1.2234833955000002,0.0035226493245529397,1634.6891268,4.732400975539266,10
core,openblas,float,EPYC,10000,10000,10000,23,23,spread,default,,1.2124351394,0.005498532963253482,1649.6031639,7.444815967433062,10
core,openblas,float,EPYC,10000,10000,10000,24,24,close,default,,1.1699801222,0.004818711569638197,1709.456922,7.060189369397467,10
core,openblas,float,EPYC,10000,10000,10000,24,24,spread,default,,1.1630534555,0.0040169064370286535,1719.6298322999999,5.924646243842602,10
core,openblas,float,EPYC,10000,10000,10000,25,25,close,default,,1.2329022361,0.004242514813403565,1622.2059568,5.592007475630408,10
core,openblas,float,EPYC,10000,10000,10000,25,25,spread,default,,1.2229761373,0.004043696441033143,1635.3709706,5.4056319430435495,10
core,openblas,float,EPYC,10000,10000,10000,26,26,close,default,,1.1929549011999998,0.0055310430237703115,1676.5417836000001,7.781995749160889,10
core,openblas,float,EPYC,10000,10000,10000,26,26,spread,default,,1.1834914894000002,0.004443001600087483,1689.9363560000002,6.3258401453650475,10
core,openblas,float,EPYC,10000,10000,10000,27,27,close,default,,1.2230492994,0.00588163424104211,1635.2907283,7.779318341650984,10
core,openblas,float,EPYC,10000,10000,10000,27,27,spread,default,,1.2161253104,0.009274481349123054,1644.6532825999998,12.518131175760773,10
core,openblas,float,EPYC,10000,10000,10000,28,28,close,default,,1.1569575457,0.009815837451839591,1728.7826491,14.50481995028903,10
core,openblas,float,EPYC,10000,10000,10000,28,28,spread,default,,1.1436306685,0.007190640332577419,1748.8784712000001,10.97971961438965,10
core,openblas,float,EPYC,10000,10000,10000,29,29,close,default,,1.2553468593,0.011437788145294777,1593.3052114,14.639330263166153,10
core,openblas,float,EPYC,10000,10000,10000,29,29,spread,default,,1.2385001698,0.012033217088521475,1614.9924515,15.552544642443836,10
core,openblas,float,EPYC,10000,10000,10000,30,30,close,default,,1.1939624681,0.004412943064062978,1675.1151417,6.196179724222757,10
core,openblas,float,EPYC,10000,10000,10000,30,30,spread,default,,1.1836747629,0.008458509581091522,1689.7314387,12.1457175312245,10
core,openblas,float,EPYC,10000,10000,10000,31,31,close,default,,1.0903688841999999,0.005441518514985915,1834.2827327999998,9.151198511094645,10
core,openblas,float,EPYC,10000,10000,10000,31,31,spread,default,,1.0856209565000001,0.004598527441276963,1842.2934420999998,7.821119348469801,10
core,openblas,float,EPYC,10000,10000,10000,32,32,close,default,,1.0591474856,0.003743379557393588,1888.3324029999999,6.683376785308658,10
core,openblas,float,EPYC,10000,10000,10000,32,32,spread,default,,1.0587214254,0.003405975583076197,1889.0886745,6.085495252640241,10
core,openblas,float,EPYC,10000,10000,10000,33,33,close,default,,0.9441584838000001,0.023007656216416025,2119.4077378,51.03774273483514,10
core,openblas,float,EPYC,10000,10000,10000,33,33,spread,default,,0.9573499481000001,0.02090622538093724,2090.0093011999998,46.25732115218021,10
core,openblas,float,EPYC,10000,10000,10000,34,34,close,default,,1.0926502978000001,0.007677730446134128,1830.4928544,12.81693352679687,10
core,openblas,float,EPYC,10000,10000,10000,34,34,spread,default,,1.0846111671999998,0.004233002009684842,1844.0041406,7.214148281351936,10
core,openblas,float,EPYC,10000,10000,10000,35,35,close,default,,0.9229947828,0.015289931051702597,2167.3758098999997,34.634217950958195,10
core,openblas,float,EPYC,10000,10000,10000,35,35,spread,default,,0.9428364996999999,0.024844084346383747,2122.5737921,55.46751357376871,10
core,openblas,float,EPYC,10000,10000,10000,36,36,close,default,,1.1218099248,0.007911563595236662,1782.9128676,12.548579350476912,10
core,openblas,float,EPYC,10000,10000,10000,36,36,spread,default,,1.1175471552,0.007378891164170643,1789.7038132000002,11.806433740612855,10
core,openblas,float,EPYC,10000,10000,10000,37,37,close,default,,0.9604604683,0.028316123265399465,2083.9636548000003,61.40392728680964,10
core,openblas,float,EPYC,10000,10000,10000,37,37,spread,default,,0.9601410823000001,0.021347574850308117,2083.9515861,46.20042990990168,10
core,openblas,float,EPYC,10000,10000,10000,38,38,close,default,,1.1043836462,0.005554542542873819,1811.0062119000002,9.130478872148966,10
core,openblas,float,EPYC,10000,10000,10000,38,38,spread,default,,1.094582317,0.00464335468413438,1827.2106204,7.761355463075815,10
core,openblas,float,EPYC,10000,10000,10000,39,39,close,default,,0.942374952,0.005436655169906782,2122.3610912,12.248473629002246,10
core,openblas,float,EPYC,10000,10000,10000,39,39,spread,default,,0.9568944415,0.0233266815480147,2091.1932414,50.08100165168892,10
core,openblas,float,EPYC,10000,10000,10000,40,40,close,default,,1.0435542459,0.01592674242356416,1916.9234608,28.858305712349235,10
core,openblas,float,EPYC,10000,10000,10000,40,40,spread,default,,1.0468630071,0.013576863928740746,1910.7571361999999,24.633775379021877,10
core,openblas,float,EPYC,10000,10000,10000,41,41,close,default,,0.9726609043,0.03880629801997323,2058.9250542,75.50412164903408,10
core,openblas,float,EPYC,10000,10000,10000,41,41,spread,default,,0.9730426869000001,0.029783757201802902,2057.0974202999996,61.32894642382133,10
core,openblas,float,EPYC,10000,10000,10000,42,42,close,default,,1.1410759915,0.00477279765307145,1752.7591932,7.317957233386087,10
core,openblas,float,EPYC,10000,10000,10000,42,42,spread,default,,1.1384864443,0.007567064270773442,1756.7880517999997,11.656593392322943,10
core,openblas,float,EPYC,10000,10000,10000,43,43,close,default,,1.0099500179,0.03696754308025064,1982.7131213,73.40851846407456,10
core,openblas,float,EPYC,10000,10000,10000,43,43,spread,default,,0.9944434036,0.025871675922275444,2012.4057897999999,52.56675863729336,10
core,openblas,float,EPYC,10000,10000,10000,44,44,close,default,,1.083437721,0.003253224766118698,1845.9909731,5.551055143753822,10
core,openblas,float,EPYC,10000,10000,10000,44,44,spread,default,,1.0846645646000002,0.002928918200148007,1843.9001446000002,4.987623024264717,10
core,openblas,float,EPYC,10000,10000,10000,45,45,close,default,,0.9960868918999999,0.026931940724884938,2009.1468759,53.01775772028162,10
core,openblas,float,EPYC,10000,10000,10000,45,45,spread,default,,0.9932516918000001,0.023625416430529154,2014.601609,47.34270062623165,10
core,openblas,float,EPYC,10000,10000,10000,46,46,close,default,,1.153036455,0.006757390584099141,1734.6041653,10.168020850063858,10
core,openblas,float,EPYC,10000,10000,10000,46,46,spread,default,,1.1429077533,0.006067056609315105,1749.9668949,9.291227228886244,10
core,openblas,float,EPYC,10000,10000,10000,47,47,close,default,,0.9893775727999999,0.01843715067733893,2022.0919129000001,36.91095657662435,10
core,openblas,float,EPYC,10000,10000,10000,47,47,spread,default,,0.9844023459000001,0.02204176967184078,2032.5987768999998,45.11775179310762,10
core,openblas,float,EPYC,10000,10000,10000,48,48,close,default,,1.0174154566,0.006621690163145234,1965.8395278,12.67268176436326,10
core,openblas,float,EPYC,10000,10000,10000,48,48,spread,default,,1.0149605308,0.0036420320867491755,1970.5428271,7.0759350747084975,10
core,openblas,float,EPYC,10000,10000,10000,49,49,close,default,,1.0381936145000001,0.035786815380348815,1928.4832046,66.41877556444567,10
core,openblas,float,EPYC,10000,10000,10000,49,49,spread,default,,1.0165458231,0.022873538627238777,1968.3210458,43.16733965945968,10
core,openblas,float,EPYC,10000,10000,10000,50,50,close,default,,1.1758125828000001,0.007142562486625372,1701.0079251,10.348541265017445,10
core,openblas,float,EPYC,10000,10000,10000,50,50,spread,default,,1.1684179408,0.0054501255105114665,1711.7499040999999,8.011725244251878,10
core,openblas,float,EPYC,10000,10000,10000,51,51,close,default,,1.0710317341,0.012319005671506152,1867.5821187000001,21.62327843659918,10
core,openblas,float,EPYC,10000,10000,10000,51,51,spread,default,,1.0669770598,0.015546786276827328,1874.8148110000002,27.473337285402646,10
core,openblas,float,EPYC,10000,10000,10000,52,52,close,default,,1.111779649,0.004323858711767149,1798.9421192000002,6.999410756577048,10
core,openblas,float,EPYC,10000,10000,10000,52,52,spread,default,,1.1040029774,0.004205754593100136,1811.6130529000002,6.922867987389105,10
core,openblas,float,EPYC,10000,10000,10000,53,53,close,default,,1.1052873474,0.015772892361820355,1809.8134633000002,25.637766017544504,10
core,openblas,float,EPYC,10000,10000,10000,53,53,spread,default,,1.1017482914,0.022981495800700746,1816.0138101,38.2047489954308,10
core,openblas,float,EPYC,10000,10000,10000,54,54,close,default,,1.2180474492,0.007178032890386789,1642.0236271,9.704190588861133,10
core,openblas,float,EPYC,10000,10000,10000,54,54,spread,default,,1.2161480628999999,0.004983398444811616,1644.5614812,6.746861681436771,10
core,openblas,float,EPYC,10000,10000,10000,55,55,close,default,,1.1057834892,0.014840925394659813,1808.9618607,23.971056948843987,10
core,openblas,float,EPYC,10000,10000,10000,55,55,spread,default,,1.1075957768,0.02743985943432052,1806.7034565000001,44.436500244427215,10
core,openblas,float,EPYC,10000,10000,10000,56,56,close,default,,1.0777264509,0.007834511839351228,1855.8463960000001,13.43809939616686,10
core,openblas,float,EPYC,10000,10000,10000,56,56,spread,default,,1.0744680216,0.009115420187813968,1861.5064735,15.746277552111367,10
core,openblas,float,EPYC,10000,10000,10000,57,57,close,default,,1.1207846364,0.02400285386207628,1785.1845067000002,37.386728879000906,10
core,openblas,float,EPYC,10000,10000,10000,57,57,spread,default,,1.1139330659,0.01953168187239272,1795.9283341999999,30.947270047794113,10
core,openblas,float,EPYC,10000,10000,10000,58,58,close,default,,1.229040809,0.009972859957971602,1627.3819441,13.238422915892004,10
core,openblas,float,EPYC,10000,10000,10000,58,58,spread,default,,1.2229835302,0.006954556811888471,1635.3923898,9.260002973535299,10
core,openblas,float,EPYC,10000,10000,10000,59,59,close,default,,1.1216677372,0.020107746099732378,1783.5816809,32.38811308652589,10
core,openblas,float,EPYC,10000,10000,10000,59,59,spread,default,,1.1008709877,0.021860319255908253,1817.3850281999999,35.9117339676329,10
core,openblas,float,EPYC,10000,10000,10000,60,60,close,default,,1.1443382166,0.009107595832288314,1747.8350349,13.960500215660069,10
core,openblas,float,EPYC,10000,10000,10000,60,60,spread,default,,1.1316142477,0.005650593701139767,1767.4263335,8.813443996384018,10
core,openblas,float,EPYC,10000,10000,10000,61,61,close,default,,1.1405567958,0.016178581055781693,1753.8456041000002,24.76087162596477,10
core,openblas,float,EPYC,10000,10000,10000,61,61,spread,default,,1.1222402932,0.017560959920067058,1782.547031,28.232436556368043,10
core,openblas,float,EPYC,10000,10000,10000,62,62,close,default,,1.0670997855,0.0123815720838834,1874.467254,21.862787931179145,10
core,openblas,float,EPYC,10000,10000,10000,62,62,spread,default,,1.0613504007999999,0.020396320767068356,1885.0103778,35.77071759618959,10
core,openblas,float,EPYC,10000,10000,10000,63,63,close,default,,1.1425787412,0.02098445734706171,1750.9547805999998,31.972287651916684,10
core,openblas,float,EPYC,10000,10000,10000,63,63,spread,default,,1.1461379135,0.028767168208199717,1745.9960021,44.51420190335136,10
core,openblas,float,EPYC,10000,10000,10000,64,64,close,default,,1.0497846233,0.009717809787376594,1905.2985660000002,17.50982777669633,10
core,openblas,float,EPYC,10000,10000,10000,64,64,spread,default,,1.0432530534,0.010581080657672203,1917.2574260000001,19.39234228985521,10
core,openblas,float,EPYC,20000,20000,20000,1,1,close,default,,167.8208459701,0.921321190273623,95.34233950000001,0.5210430272824034,10
core,openblas,float,EPYC,20000,20000,20000,1,1,spread,default,,168.12616609460002,0.9015059547431948,95.1690785,0.5081436792114026,10
core,openblas,float,EPYC,20000,20000,20000,2,2,close,default,,85.3400457044,0.5091566256504236,187.4912756,1.121770057281811,10
core,openblas,float,EPYC,20000,20000,20000,2,2,spread,default,,85.3458227815,0.4605356381994075,187.4774586,1.0083816643509351,10
core,openblas,float,EPYC,20000,20000,20000,3,3,close,default,,56.614041312999994,0.35351610963117497,282.6253295,1.7666430004015579,10
core,openblas,float,EPYC,20000,20000,20000,3,3,spread,default,,56.61440945209999,0.46858114713562554,282.6308308,2.3181596927695978,10
core,openblas,float,EPYC,20000,20000,20000,4,4,close,default,,42.6788069763,0.5719848318700371,374.95237299999997,4.895487338453888,10
core,openblas,float,EPYC,20000,20000,20000,4,4,spread,default,,42.6254803349,0.5411002610590354,375.4157716,4.6773024249710025,10
core,openblas,float,EPYC,20000,20000,20000,5,5,close,default,,34.256252351300006,0.34187121932917924,467.10972469999996,4.643221666254541,10
core,openblas,float,EPYC,20000,20000,20000,5,5,spread,default,,34.1249617387,0.15551053993277283,468.8737619,2.1376962714160572,10
core,openblas,float,EPYC,20000,20000,20000,6,6,close,default,,28.242613989400002,0.15344935597143558,566.5347786,3.063364667725529,10
core,openblas,float,EPYC,20000,20000,20000,6,6,spread,default,,28.4906951337,0.7234187763722747,561.8942942,13.454256069955136,10
core,openblas,float,EPYC,20000,20000,20000,7,7,close,default,,24.1977782264,0.25937311106774913,661.2847589,6.948488243638693,10
core,openblas,float,EPYC,20000,20000,20000,7,7,spread,default,,24.2139088291,0.1625259981933227,660.8038196,4.399074314562115,10
core,openblas,float,EPYC,20000,20000,20000,8,8,close,default,,21.3085542958,0.15082903549667245,750.9057650000001,5.276621846148049,10
core,openblas,float,EPYC,20000,20000,20000,8,8,spread,default,,21.2812607117,0.1289824242745186,751.8600263999999,4.559174744390305,10
core,openblas,float,EPYC,20000,20000,20000,9,9,close,default,,18.926653879299998,0.13677961149168116,845.408297,6.094415209383209,10
core,openblas,float,EPYC,20000,20000,20000,9,9,spread,default,,18.9033717047,0.10384548956039735,846.4327114,4.624103901956761,10
core,openblas,float,EPYC,20000,20000,20000,10,10,close,default,,17.015149525800002,0.05184822270630152,940.3463564,2.868670552663214,10
core,openblas,float,EPYC,20000,20000,20000,10,10,spread,default,,17.105850869,0.14122355284959529,935.4089376,7.598783848939807,10
core,openblas,float,EPYC,20000,20000,20000,11,11,close,default,,15.429452266199998,0.05460462191829038,1036.9895129000001,3.6665818903419183,10
core,openblas,float,EPYC,20000,20000,20000,11,11,spread,default,,15.487042801799998,0.12498731928960322,1033.181434,8.224223841172545,10
core,openblas,float,EPYC,20000,20000,20000,12,12,close,default,,14.355512350999998,0.0890940591121921,1114.5929502,6.894998158167602,10
core,openblas,float,EPYC,20000,20000,20000,12,12,spread,default,,14.4104149078,0.2727449078253104,1110.6521882000002,20.203794443155317,10
core,openblas,float,EPYC,20000,20000,20000,13,13,close,default,,13.1514098365,0.06839289795436829,1216.6290245,6.286003944056091,10
core,openblas,float,EPYC,20000,20000,20000,13,13,spread,default,,13.2285667992,0.08423205416557158,1209.5476927,7.683231245008752,10
core,openblas,float,EPYC,20000,20000,20000,14,14,close,default,,12.2578496571,0.036660999028740385,1305.2965831,3.9180646368882095,10
core,openblas,float,EPYC,20000,20000,20000,14,14,spread,default,,12.387067972,0.23646670199096673,1292.0807012999999,23.925540050551216,10
core,openblas,float,EPYC,20000,20000,20000,15,15,close,default,,11.6348537571,0.05287436797093362,1375.2040487,6.26211591791616,10
core,openblas,float,EPYC,20000,20000,20000,15,15,spread,default,,11.699615462699999,0.14478139088605313,1367.7498687,16.48157160382761,10
core,openblas,float,EPYC,20000,20000,20000,16,16,close,default,,10.8229042171,0.03961025345354695,1478.3640887,5.411963528724153,10
core,openblas,float,EPYC,20000,20000,20000,16,16,spread,default,,10.8970734105,0.14206244894696687,1468.5023153,18.59612553289298,10
core,openblas,float,EPYC,20000,20000,20000,17,17,close,default,,10.330926804899999,0.05914443246520695,1548.7935648,8.885239236201436,10
core,openblas,float,EPYC,20000,20000,20000,17,17,spread,default,,10.304189686399999,0.07693596246924532,1552.8440266,11.545203136750315,10
core,openblas,float,EPYC,20000,20000,20000,18,18,close,default,,9.7999136681,0.09105735873719074,1632.7934461999998,15.067988604235424,10
core,openblas,float,EPYC,20000,20000,20000,18,18,spread,default,,9.7876294454,0.05792317912494385,1634.7679472,9.64694101698255,10
core,openblas,float,EPYC,20000,20000,20000,19,19,close,default,,9.5925479006,0.05659665979846404,1668.013687,9.839541759438994,10
core,openblas,float,EPYC,20000,20000,20000,19,19,spread,default,,9.6177619458,0.06544412708447028,1663.6582288999998,11.355218146605335,10
core,openblas,float,EPYC,20000,20000,20000,20,20,close,default,,9.2754490888,0.03630915982625132,1725.0075829000002,6.73275870116592,10
core,openblas,float,EPYC,20000,20000,20000,20,20,spread,default,,9.3158196062,0.06764336669689101,1717.5900722,12.472016621543164,10
core,openblas,float,EPYC,20000,20000,20000,21,21,close,default,,8.7935440249,0.06324780486826768,1819.6013251,13.076853713128394,10
core,openblas,float,EPYC,20000,20000,20000,21,21,spread,default,,8.782408396700001,0.06019606607772502,1821.9001837,12.394438308522208,10
core,openblas,float,EPYC,20000,20000,20000,22,22,close,default,,8.6006781674,0.06159320263220633,1860.4044926,13.354895684717086,10
core,openblas,float,EPYC,20000,20000,20000,22,22,spread,default,,8.6388906561,0.07454313718556216,1852.2144739999999,16.073598903688268,10
core,openblas,float,EPYC,20000,20000,20000,23,23,close,default,,8.2627532522,0.02289362598695101,1936.4139040999999,5.352450125957647,10
core,openblas,float,EPYC,20000,20000,20000,23,23,spread,default,,8.2544734208,0.030024847009941482,1938.3660537,7.070872467027559,10
core,openblas,float,EPYC,20000,20000,20000,24,24,close,default,,8.3733375822,0.020600454796534707,1910.8374958,4.714925409124937,10
core,openblas,float,EPYC,20000,20000,20000,24,24,spread,default,,8.391168630500001,0.0867633000817978,1906.9500024000001,19.71263993870664,10
core,openblas,float,EPYC,20000,20000,20000,25,25,close,default,,8.0479128402,0.04518234238864042,1988.1492603,11.114622092443263,10
core,openblas,float,EPYC,20000,20000,20000,25,25,spread,default,,8.0390780698,0.01817742305469022,1990.2871361000002,4.503003881784211,10
core,openblas,float,EPYC,20000,20000,20000,26,26,close,default,,7.9056643452,0.017985677383200147,2023.8747523999998,4.600570213495209,10
core,openblas,float,EPYC,20000,20000,20000,26,26,spread,default,,7.9141294552999994,0.055466067460435024,2021.7888066,13.989841257396831,10
core,openblas,float,EPYC,20000,20000,20000,27,27,close,default,,7.8601307377,0.04019012299380551,2035.6373835,10.394393838567321,10
core,openblas,float,EPYC,20000,20000,20000,27,27,spread,default,,7.8740462552,0.052533892490499924,2032.0729894,13.466844981871958,10
core,openblas,float,EPYC,20000,20000,20000,28,28,close,default,,7.9143233385,0.04927720911004672,2021.7210719999998,12.497970698527674,10
core,openblas,float,EPYC,20000,20000,20000,28,28,spread,default,,7.907061794700001,0.16881903123815245,2024.3617990999999,44.47464621102527,10
core,openblas,float,EPYC,20000,20000,20000,29,29,close,default,,7.8048308442000005,0.07507646031848778,2050.1803814,19.404508622615346,10
core,openblas,float,EPYC,20000,20000,20000,29,29,spread,default,,7.756558913499999,0.1101878603189477,2063.1554644,30.122797903080933,10
core,openblas,float,EPYC,20000,20000,20000,30,30,close,default,,7.7107945935,0.18479007363681796,2076.1522467,52.817277031088665,10
core,openblas,float,EPYC,20000,20000,20000,30,30,spread,default,,7.8043144505,0.040092956649886144,2050.1965399,10.489154813112542,10
core,openblas,float,EPYC,20000,20000,20000,31,31,close,default,,7.476374122699999,0.04439412783190556,2140.1425173,12.667853476824392,10
core,openblas,float,EPYC,20000,20000,20000,31,31,spread,default,,7.4283164711,0.11560707080388,2154.398553,34.16214876303706,10
core,openblas,float,EPYC,20000,20000,20000,32,32,close,default,,7.3644081277,0.020592342160449195,2172.6270204,6.04797789484362,10
core,openblas,float,EPYC,20000,20000,20000,32,32,spread,default,,7.2844286173,0.19855952658079307,2197.9921421999998,62.21111993030548,10
core,openblas,float,EPYC,20000,20000,20000,33,33,close,default,,7.065798233300001,0.05960838934956221,2264.5721483,18.82499990042946,10
core,openblas,float,EPYC,20000,20000,20000,33,33,spread,default,,7.0726322984,0.056316765026849666,2262.3693393000003,17.884888855870745,10
core,openblas,float,EPYC,20000,20000,20000,34,34,close,default,,7.4430592314999995,0.03732426255867904,2149.7022423000003,10.750332356689636,10
core,openblas,float,EPYC,20000,20000,20000,34,34,spread,default,,7.403459870899999,0.16409536005291556,2162.1544967,50.27836978874614,10
core,openblas,float,EPYC,20000,20000,20000,35,35,close,default,,6.9938619155,0.024531616848794003,2287.7457144,8.045156130888328,10
core,openblas,float,EPYC,20000,20000,20000,35,35,spread,default,,7.0167074310999995,0.04566778451265153,2280.3584003,14.786830046101045,10
core,openblas,float,EPYC,20000,20000,20000,36,36,close,default,,7.187636149799999,0.041722254217636104,2226.1118869,12.843731106620703,10
core,openblas,float,EPYC,20000,20000,20000,36,36,spread,default,,7.186427523899999,0.04094012837451759,2226.4841729,12.678396384963454,10
core,openblas,float,EPYC,20000,20000,20000,37,37,close,default,,6.9972534983,0.04055138225448674,2286.6799044,13.123851387601055,10
core,openblas,float,EPYC,20000,20000,20000,37,37,spread,default,,6.9797136514,0.04649222390350084,2292.4490097000003,15.239682213502343,10
core,openblas,float,EPYC,20000,20000,20000,38,38,close,default,,7.2213346504,0.046148696687012825,2215.7385031,14.186896757107403,10
core,openblas,float,EPYC,20000,20000,20000,38,38,spread,default,,7.2552783648000005,0.0441565264980223,2205.3647405,13.46474577065685,10
core,openblas,float,EPYC,20000,20000,20000,39,39,close,default,,7.0078815777,0.06743622927728771,2283.3327419,21.83974555676818,10
core,openblas,float,EPYC,20000,20000,20000,39,39,spread,default,,6.988160012900001,0.0798390804362026,2289.8540898,25.980362836443362,10
core,openblas,float,EPYC,20000,20000,20000,40,40,close,default,,7.2976424988,0.03402769767382199,2192.5317308000003,10.21196912809668,10
core,openblas,float,EPYC,20000,20000,20000,40,40,spread,default,,7.336948445199999,0.05845518728320922,2180.8677644,17.38079557587668,10
core,openblas,float,EPYC,20000,20000,20000,41,41,close,default,,6.9532322133,0.04475581175164197,2301.1742458,14.868505731621505,10
core,openblas,float,EPYC,20000,20000,20000,41,41,spread,default,,6.935033343800001,0.04670852666250615,2307.2204831999998,15.486148699250931,10
core,openblas,float,EPYC,20000,20000,20000,42,42,close,default,,6.8072419471000005,0.039189789109602816,2350.5075087,13.41950310049929,10
core,openblas,float,EPYC,20000,20000,20000,42,42,spread,default,,6.8078911651,0.024350313146656605,2350.240845,8.390807511649564,10
core,openblas,float,EPYC,20000,20000,20000,43,43,close,default,,6.952606529700001,0.07375615409388593,2301.5309912000002,24.70061511056841,10
core,openblas,float,EPYC,20000,20000,20000,43,43,spread,default,,6.9394510261999995,0.04228234446499761,2305.7356595,14.182504352234156,10
core,openblas,float,EPYC,20000,20000,20000,44,44,close,default,,6.9328751825,0.03565721559498714,2307.9000508,11.934234379314427,10
core,openblas,float,EPYC,20000,20000,20000,44,44,spread,default,,6.967740232900001,0.022597006245097265,2296.3186102,7.45276717855692,10
core,openblas,float,EPYC,20000,20000,20000,45,45,close,default,,6.9329362417,0.024101419658816355,2307.8496141,8.03233175088929,10
core,openblas,float,EPYC,20000,20000,20000,45,45,spread,default,,6.870887421899999,0.16523409066349964,2329.9437936000004,59.061605842927904,10
core,openblas,float,EPYC,20000,20000,20000,46,46,close,default,,6.7736593732,0.022160623351141183,2362.113761,7.722341866657278,10
core,openblas,float,EPYC,20000,20000,20000,46,46,spread,default,,6.7449976969000005,0.044121914141213824,2372.2198752,15.552856632081037,10
core,openblas,float,EPYC,20000,20000,20000,47,47,close,default,,6.9218200972999995,0.03609275879671782,2311.5876318,12.12109297075555,10
core,openblas,float,EPYC,20000,20000,20000,47,47,spread,default,,6.8751902105,0.17810590936900256,2328.7052654999998,64.2129321819745,10
core,openblas,float,EPYC,20000,20000,20000,48,48,close,default,,6.893887583100001,0.03136006672552829,2320.9395661999997,10.50380773944662,10
core,openblas,float,EPYC,20000,20000,20000,48,48,spread,default,,6.819877190600001,0.23257201552127996,2348.771541,87.59047741208336,10
core,openblas,float,EPYC,20000,20000,20000,49,49,close,default,,6.832260762900001,0.20364630751776922,2343.7738006,72.47403268222862,10
core,openblas,float,EPYC,20000,20000,20000,49,49,spread,default,,6.881128753900001,0.07032671004497906,2325.4179599,23.705867926613482,10
core,openblas,float,EPYC,20000,20000,20000,50,50,close,default,,6.7506389784,0.027485023232646615,2370.1814165,9.664190661599758,10
core,openblas,float,EPYC,20000,20000,20000,50,50,spread,default,,6.7562445984999995,0.03422052828732127,2368.2342097,12.000308393212018,10
core,openblas,float,EPYC,20000,20000,20000,51,51,close,default,,6.918076247099999,0.23366992475726292,2315.3457601,84.378057488756,10
core,openblas,float,EPYC,20000,20000,20000,51,51,spread,default,,6.9817577602,0.061753854235486384,2291.8490985,20.426089231492064,10
core,openblas,float,EPYC,20000,20000,20000,52,52,close,default,,6.7496903206,0.01566133778649487,2370.4906207,5.505238185665068,10
core,openblas,float,EPYC,20000,20000,20000,52,52,spread,default,,6.747306770200001,0.028383306572917776,2371.3544247,10.01235333306662,10
core,openblas,float,EPYC,20000,20000,20000,53,53,close,default,,7.066431605700001,0.07429602387876516,2264.4524002,23.89976063211364,10
core,openblas,float,EPYC,20000,20000,20000,53,53,spread,default,,7.0571716369,0.014935483119751814,2267.2063721,4.798699258693457,10
core,openblas,float,EPYC,20000,20000,20000,54,54,close,default,,6.8734029093,0.06378715306972411,2327.9950071,21.733240161836015,10
core,openblas,float,EPYC,20000,20000,20000,54,54,spread,default,,6.8715353541,0.047952664006476485,2328.5486086,16.314714182236607,10
core,openblas,float,EPYC,20000,20000,20000,55,55,close,default,,7.018854699799999,0.06346660174650438,2279.7438351,20.846423125855438,10
core,openblas,float,EPYC,20000,20000,20000,55,55,spread,default,,6.9443364734,0.2757129374012062,2307.6478051999998,101.11170928999864,10
core,openblas,float,EPYC,20000,20000,20000,56,56,close,default,,6.8162619009,0.026518067032757022,2347.359633,9.135753805040686,10
core,openblas,float,EPYC,20000,20000,20000,56,56,spread,default,,6.812610879499999,0.019450994691114228,2348.6028568,6.70481226875096,10
core,openblas,float,EPYC,20000,20000,20000,57,57,close,default,,6.6496901404,0.5437243341750148,2421.2578306,205.72254795093167,10
core,openblas,float,EPYC,20000,20000,20000,57,57,spread,default,,6.9547111604000005,0.22999935529794202,2302.9081134,77.63191616744767,10
core,openblas,float,EPYC,20000,20000,20000,58,58,close,default,,6.8314238395,0.03247929963850234,2342.1654298000003,11.109903167273194,10
core,openblas,float,EPYC,20000,20000,20000,58,58,spread,default,,6.7424923499,0.2854409219419821,2377.2953048,112.48836411200918,10
core,openblas,float,EPYC,20000,20000,20000,59,59,close,default,,7.1588807921,0.04542440644920629,2235.0669579,14.136378774502381,10
core,openblas,float,EPYC,20000,20000,20000,59,59,spread,default,,6.9999097343,0.3811856430963348,2292.3720017,135.24817375886926,10
core,openblas,float,EPYC,20000,20000,20000,60,60,close,default,,6.8946823693,0.013154276212081175,2320.6366198,4.425027257807307,10
core,openblas,float,EPYC,20000,20000,20000,60,60,spread,default,,6.8153114957,0.3097002645266027,2352.5860479,120.58102395990967,10
core,openblas,float,EPYC,20000,20000,20000,61,61,close,default,,7.020464995599999,0.40093204195355825,2286.8866908,152.45669717640516,10
core,openblas,float,EPYC,20000,20000,20000,61,61,spread,default,,6.867643426700001,0.4550853856260859,2339.5055465,163.36810603556285,10
core,openblas,float,EPYC,20000,20000,20000,62,62,close,default,,6.721429403899999,0.2698501645809957,2384.2900514000003,106.39152927561878,10
core,openblas,float,EPYC,20000,20000,20000,62,62,spread,default,,6.5959362035,0.394097311304895,2433.9617252,152.97459389922474,10
core,openblas,float,EPYC,20000,20000,20000,63,63,close,default,,6.2355922146,0.21065959158870473,2568.6046044,88.48659152133561,10
core,openblas,float,EPYC,20000,20000,20000,63,63,spread,default,,6.2680611299999995,0.22582524044784327,2555.7538864,96.5667533568151,10
core,openblas,float,EPYC,20000,20000,20000,64,64,close,default,,6.874973773700001,0.01791563930299727,2327.2958165,6.0593984994967265,10
core,openblas,float,EPYC,20000,20000,20000,64,64,spread,default,,6.8615851647,0.01955338374948112,2331.8397087000003,6.634422564057973,10
core,openblas,float,THIN,10000,10000,10000,1,1,close,default,,14.5191691391,0.05886148093177377,137.75094819999998,0.5533611156263964,10
core,openblas,float,THIN,10000,10000,10000,1,1,spread,default,,14.5338648024,0.06011781640937859,137.61175129999998,0.565300396630176,10
core,openblas,float,THIN,10000,10000,10000,2,2,close,default,,7.842824777500001,0.03811700604235371,255.01554219999997,1.230531367788259,10
core,openblas,float,THIN,10000,10000,10000,2,2,spread,default,,7.8315550968,0.012032867381731906,255.3776638,0.3920028854581346,10
core,openblas,float,THIN,10000,10000,10000,3,3,close,default,,5.118015049,0.03794170202135231,390.7959594,2.9170144525929445,10
core,openblas,float,THIN,10000,10000,10000,3,3,spread,default,,5.1560717511,0.03921087474310588,387.9123021,2.9375127272444623,10
core,openblas,float,THIN,10000,10000,10000,4,4,close,default,,3.8264592866999996,0.06595507495632083,522.8142,8.882590279877697,10
core,openblas,float,THIN,10000,10000,10000,4,4,spread,default,,3.8487332453,0.056422309312606445,519.7522137,7.633518264544278,10
core,openblas,float,THIN,10000,10000,10000,5,5,close,default,,3.0144636459000003,0.01992868311960574,663.4939134,4.364554540042077,10
core,openblas,float,THIN,10000,10000,10000,5,5,spread,default,,3.0311306404,0.02446745812770263,659.8585904,5.3402070503712595,10
core,openblas,float,THIN,10000,10000,10000,6,6,close,default,,2.5401803682,0.01946144391301588,787.3869457,5.986924725962561,10
core,openblas,float,THIN,10000,10000,10000,6,6,spread,default,,2.543803443,0.02141855791579847,786.2738913000001,6.548642055007737,10
core,openblas,float,THIN,10000,10000,10000,7,7,close,default,,2.1757377265,0.010052464558268527,919.2460422,4.232702448757116,10
core,openblas,float,THIN,10000,10000,10000,7,7,spread,default,,2.1775760933,0.012277214869337272,918.4785809000001,5.158615386642672,10
core,openblas,float,THIN,10000,10000,10000,8,8,close,default,,1.9288055252,0.01720305893581645,1036.9856838,9.282369751277411,10
core,openblas,float,THIN,10000,10000,10000,8,8,spread,default,,1.929603285,0.020194769831308634,1036.5847623,10.85908640272533,10
core,openblas,float,THIN,10000,10000,10000,9,9,close,default,,1.7021292652,0.01397648145966057,1175.0702482000002,9.655893494438155,10
core,openblas,float,THIN,10000,10000,10000,9,9,spread,default,,1.7069212593,0.014730109939336046,1171.7792693,10.179185098316973,10
core,openblas,float,THIN,10000,10000,10000,10,10,close,default,,1.5528194552,0.009948137528921175,1288.0276668000001,8.312095346906533,10
core,openblas,float,THIN,10000,10000,10000,10,10,spread,default,,1.5515987875000001,0.010990756365044463,1289.051275,9.138758065471874,10
core,openblas,float,THIN,10000,10000,10000,11,11,close,default,,1.3821019139000001,0.001937054310890349,1447.0738465,2.026606743832263,10
core,openblas,float,THIN,10000,10000,10000,11,11,spread,default,,1.3853006809,0.0032853896767581162,1443.7371775,3.4141214700875393,10
core,openblas,float,THIN,10000,10000,10000,12,12,close,default,,1.3259817973,0.006548206591408839,1508.3494615,7.454193572432501,10
core,openblas,float,THIN,10000,10000,10000,12,12,spread,default,,1.3243911689,0.003843357825294754,1510.1393215,4.3889238055774955,10
core,openblas,float,THIN,20000,20000,20000,1,1,close,default,,117.57632607129999,0.4807130869038268,136.083852,0.5533022631971665,10
core,openblas,float,THIN,20000,20000,20000,1,1,spread,default,,117.6197491924,0.5154993271598003,136.0339094,0.591221670464397,10
core,openblas,float,THIN,20000,20000,20000,2,2,close,default,,60.7973405114,0.36026075074040564,263.1777134,1.5577374691570591,10
core,openblas,float,THIN,20000,20000,20000,2,2,spread,default,,60.963539093600005,0.2687714448663707,262.4565522,1.1587284294967413,10
core,openblas,float,THIN,20000,20000,20000,3,3,close,default,,40.1410164474,0.18513566336272166,398.6024401,1.8431223066403992,10
core,openblas,float,THIN,20000,20000,20000,3,3,spread,default,,40.3303964336,0.10575463755879784,396.725559,1.0409000719517247,10
core,openblas,float,THIN,20000,20000,20000,4,4,close,default,,29.9982208873,0.03399977330753807,533.3655801,0.6041092408210784,10
core,openblas,float,THIN,20000,20000,20000,4,4,spread,default,,30.0099357752,0.05168434240025169,533.1581791000001,0.9182794341773193,10
core,openblas,float,THIN,20000,20000,20000,5,5,close,default,,23.9495570602,0.1067228759002769,668.0827941,2.98800720442592,10
core,openblas,float,THIN,20000,20000,20000,5,5,spread,default,,24.028824293299998,0.10584548677552014,665.8785254000001,2.919222726817086,10
core,openblas,float,THIN,20000,20000,20000,6,6,close,default,,19.9181744574,0.06752870356154111,803.2947808,2.7245656774211895,10
core,openblas,float,THIN,20000,20000,20000,6,6,spread,default,,19.962730408,0.08397625807778923,801.5063758,3.383309216588539,10
core,openblas,float,THIN,20000,20000,20000,7,7,close,default,,16.9664842435,0.031352250393727826,943.0385774,1.7424723645764717,10
core,openblas,float,THIN,20000,20000,20000,7,7,spread,default,,17.029114362199998,0.07527417998003959,939.5838347000001,4.141556542730113,10
core,openblas,float,THIN,20000,20000,20000,8,8,close,default,,14.9470622568,0.04595542919722264,1070.453586,3.2977686657604375,10
core,openblas,float,THIN,20000,20000,20000,8,8,spread,default,,14.990010232700001,0.061657928653925574,1067.39387,4.415707245416832,10
core,openblas,float,THIN,20000,20000,20000,9,9,close,default,,13.2354069265,0.04176879441431301,1208.8894118,3.8118419159399197,10
core,openblas,float,THIN,20000,20000,20000,9,9,spread,default,,13.262507706,0.03959931959653859,1206.418008,3.595141434548167,10
core,openblas,float,THIN,20000,20000,20000,10,10,close,default,,11.9535615687,0.025337198659153116,1338.5186185,2.838017486706289,10
core,openblas,float,THIN,20000,20000,20000,10,10,spread,default,,11.9805201508,0.03864173341052063,1335.5137835,4.307220124683537,10
core,openblas,float,THIN,20000,20000,20000,11,11,close,default,,10.8534150606,0.047382036004181234,1474.2154557,6.383857781421977,10
core,openblas,float,THIN,20000,20000,20000,11,11,spread,default,,10.834563561900001,0.0133150003967453,1476.7573862,1.8163407716739652,10
core,openblas,float,THIN,20000,20000,20000,12,12,close,default,,10.119084987499999,0.014825216436768216,1581.1736863,2.3168215779380765,10
core,openblas,float,THIN,20000,20000,20000,12,12,spread,default,,10.205349622,0.04533378606224608,1567.8329797000001,6.95360897632164,10
